Site Id;Site Name;Longitude;Latitude;River
95414;ADAMOWICE;18 20;50 08;ODRA
91908;ALEKSANDRÓWKA;23 07;54 16;CZARNA HAŃCZA
95506;ALWERNIA;19 32;50 03;WISŁA
95751;ANNOPOL;21 50;50 53;WISŁA
6522;ANTAŁÓWKA;19 59;49 18;BIAŁY DUNAJEC
93420;BABIAK;18 40;52 21;NOTEĆ
92730;BABIĘTA;21 16;53 40;PISA
93152;BABIMOST;15 47 46;52 08 24;OBRZYCA
95418;BABORÓW;17 59;50 09;PSINA
93301;BACHORZEW;17 34;52 00;LUTYNIA
92803;BACIUTY;22 59;53 03;NAREW
92854;BACZE SUCHE;22 07 00;53 04 06;NAREW
91804;BAKAŁARZEWO;22 39;54 06;ROSPUDA (NETTA)
95632;BALICE;20 51;50 33;WSCHODNIA
91813;BANIE MAZURSKIE;22 02;54 15;WĘGORAPA
96510;BAŃSKA WYŻNA;19 59;49 24;BIAŁY DUNAJEC
95733;BARANÓW SANDOMIERSKI;21 32;50 30;WISŁA
95754;BARANÓWEK;21 15;50 47;WISŁA
91708;BARCIANY;21 21;54 13;LIWNA
93355;BARCIN;17 57;52 52;NOTEĆ
95223;BARDO ŚLĄSKIE;16 44 40;50 30 33;NYSA KŁODZKA
92843;BARSZCZOWA GÓRA;22 58;53 58;SZCZEBERKA
95653;BARTKÓW;20 39;50 59;CZARNA NIDA
96717;BARTNE;21 21;49 33;BARTNE
94723;BARTODZIEJE;21 12;51 32;RADOMKA
91613;BARTOSZYCE;20 49;54 15;ŁYNA
93524;BARUCHOWO;19 14;52 30;ZGŁOWIĄCZKA
92226;BARWICE;16 21;53 45;PARSĘTA
6708;BARWINEK;21 41;49 26;PANNA
94744;BASINÓW;21 21 16;51 41 19;PILICA
95844;BATORZ;22 30;50 50;PÓR
92555;BĄGART;19 22;53 58;ELBLĄG
91419;BĄKOWO;18 32;54 18;MARTWA WISŁA
95484;BĄKÓW;18 19;50 58;STOBRAWA
94555;BEŁCHATÓW;19 22;51 24;WIDAWKA
95908;BEŁŻEC;23 26;50 23;BUG
96720;BESKO;21 58;49 36;WISŁOK
4902;BEZEK;23 16;51 11;MOGILNICA
3903;BIAŁA PODLASKA;23 05;52 02;KRZNA
94636;BIAŁA RAWSKA;20 28;51 48;BIAŁKA
93053;BIAŁCZYK;14 53 57;52 39 19;WARTA
96610;BIAŁKA TATRZAŃSKA;20 07;49 24;BIAŁKA
92832;BIAŁOBRZEGI;22 58;53 48;NETTA
94630;BIAŁOBRZEGI;20 57 03;51 39 26;PILICA
92304;BIAŁOŚLIWIE;17 05;53 05;NOTEĆ
95309;BIELICE;17 00;50 16;BIAŁA LĄDECKA
93024;BIELINEK;14 09;52 57;ODRA
95646;BIELINY KAPITULNE;20 56;50 51;CZARNA NIDA
3901;BIELSK PODLASKI;23 10;52 46;NAREW
96557;BIEŃKÓWKA;19 46;49 46;SKAWA
94107;BIERNA;15 07;51 02;NYSA ŁUŻYCKA
5508;BIERUŃ STARY;19 06;50 05;WISŁA
94306;BIERUTÓW;17 33;51 08;WIDAWA
95357;BIESTRZYKOWICE;17 46;50 59;ODRA
92015;BINOWO;14 39;53 18;PŁONIA
6803;BIRCZA;22 29;49 41;SAN
2601;BISKUPIEC;20 59;53 51;JEZ.DADAJ
92522;BISKUPIEC;19 24;53 29;OSA
92652;BISKUPIEC;20 58;53 51;WADĄG
93201;BŁOTNICA;16 17 54;51 59 49;CZERNICA
94164;BOBROWICE;15 05;51 58;BÓBR
93367;BOBROWNIKI;17 08;52 49;WEŁNA
94502;BOBRY;19 24;51 02;WARTA
6601;BOCHNIA;20 24;49 59;RABA
93006;BOCZÓW;14 57;52 19;ODRA
93910;BOĆKI;23 02;52 39;NURZEC
5601;BODZENTYN;20 57;50 57;KAMIENNA
5001;BOGATYNIA;14 59;50 54;NYSA ŁUŻYCKA
95050;BOGATYNIA;14 59;50 54;NYSA ŁUŻYCKA
96555;BOGDANÓWKA;19 48;49 45;SKAWA
94732;BOGLEWICE;21 00;51 48;WISŁA
95764;BOGUSŁAWICE;21 24 40;50 50 18;KAMIENNA
95252;BOGUSZÓW-GORCE;16 11 19;50 44 43;BÓBR
92623;BOLEJNY;20 27;53 31;ŁYNA
95522;BOLESŁAW;19 28;50 16;PRZEMSZA
95264;BOLESŁAWICE;16 27 45;50 53 41;BYSTRZYCA
5252;BOLESŁAWÓW;16 53;50 15;NYSA KŁODZKA
93014;BOLESZKOWICE;14 34;52 43;MYŚLA
95267;BOLKÓW;16 08;50 55;KACZAWA
95580;BONOWICE;19 48;50 37;PILICA
93661;BORKOWO;20 40;52 33;WKRA
91651;BORNITY;20 03 03;54 11 03;
94156;BOROWIEC;15 52;51 48;ODRA
92360;BOROWY MŁYN;17 19;53 58;BRDA
95348;BORÓW;16 59 24;50 52 56;ODRA
95401;BORUCIN;18 10;50 01;ODRA
1351;BORUCINO;17 59 28;54 15 12;MARTWA WISŁA
91353;BORUCINO;17 59;54 15;MARTWA WISŁA
95605;BORZĘCIN;20 43;50 04;USZWICA
92447;BOŻEPOLE SZLACHECKIE;18 14;53 59;WIERZYCA
95303;BRANICE;17 48;50 03;OPAWA
91522;BRANIEWO;19 °4 9';54 °2 1';PASŁĘKA
93832;BRAŃSK;22 49;52 45;NURZEC
94547;BRATOSZEWICE;19 39;51 56;BZURA
96433;BRENNA;18 52;49 45;WISŁA
96450;BRENNA-LEŚNICA;18 54;49 43;WISŁA
93215;BRODNICA;16 °5 4';52 °0 9';WARTA
92512;BRODNICA N/DRWĘCĄ;19 24;53 15;DRWĘCA
93235;BRODY;16 19;52 27;OBRA
94703;BRODY IŁŻECKIE;21 12;51 01;KAMIENNA
92451;BRODY POMORSKIE;18 46;53 52;WIERZYCA
94007;BROŻEK (ZASIEKI);14 41;51 43;NYSA ŁUŻYCKA
92558;BRUDNICE;19 52 06;53 04 13;WKRA
95460;BRUSIEK;18 49;50 35;MAŁA PANEW
91252;BRUSKOWO MAŁE;16 53;54 29;WIEPRZA
93657;BRWINÓW;20 43;52 08;BZURA
95544;BRYNICA;19 00;50 28;PRZEMSZA
95347;BRZEG;17 29;50 52;ODRA
94219;BRZEG DOLNY;16 43;51 16;ODRA
96851;BRZEGI DOLNE;22 37;49 27;STRWIĄŻ
94320;BRZEZIE;17 08;51 25;BARYCZ
96739;BRZEZINY;21 33;49 56;WIELOPOLKA
92155;BRZEŹNIAK;15 40;53 32;REGA
96576;BRZEŹNICA;19 38;49 58;WISŁA
95710;BRZEŹNICA N/WISŁOKĄ;21 29;50 06;WIELOPOLKA
96737;BRZOSTEK;21 25;49 53;WISŁOKA
92514;BRZOZIE;19 37;53 20;DRWĘCA
96828;BRZOZÓW;22 01;49 42;WISŁOK
92560;BRZUZE;19 16 05;53 03 27;DRWĘCA
94142;BUCZYNA;15 54;51 33;BÓBR
92546;BUCZYNIEC;19 37;53 59;ELBLĄG
92559;BUCZYNIEC;19 35 05;53 58 04;
93150;BUDACHÓW;15 06;52 09;ODRA
95725;BUDY TUSZOWSKIE;21 40;50 23;WISŁA
94209;BUDZISZÓW MAŁY;16 28;51 06;ODRA
94208;BUDZISZÓW WIELKI;16 27;51 06;ODRA
96842;BUDZIWÓJ;22 01;49 58;WISŁOK
96560;BUDZÓW;19 41;49 47;SKAWA
96856;BUKOWIEC;22 24 45;49 18 20;
91328;BUKOWINA;17 51;54 25;ŁUPAWA
6626;BUKOWINA TATRZAŃSKA;20 07;49 21;PORONIEC
95102;BUKÓWKA;15 58;50 43;BÓBR
94626;BUKÓWNO;20 51;51 33;PILICA
92813;BURZYN;22 27;53 17;BIEBRZA
2450;BYDGOSZCZ;18 03;53 10;BRDA
92367;BYDGOSZCZ-SZWEDEROWO;17 59 42;53 05 47;BRDA
95279;BYSTRZYCA KŁODZKA;16 39;50 18;NYSA KŁODZKA
92557;BYSZWAŁD;19 44 32;53 31 58;DRWĘCA
94150;BYTOM ODRZAŃSKI;15 50;51 44;ODRA
94750;CELEJÓW;21 21 25;51 51 40;WILGA
93772;CELESTYNÓW;21 23;52 03;ŚWIDER
96424;CHAŁUPKI;18 19;49 56;ODRA
95533;CHECHŁO;19 31;50 22;PRZEMSZA
94907;CHEŁM;23 30;51 09;UHERKA
95237;CHEŁMSKO ŚLĄSKIE;16 04;50 40;BÓBR
94317;CHEŁSTÓW;17 29 49;51 20 22;WIDAWA
94611;CHEŁSTY;20 09;51 13;PILICA
95635;CHMIELNIK;20 46;50 37;CZARNA
94136;CHOCIANÓW;15 55;51 25;BÓBR
95220;CHOCIESZÓW;16 29;50 28;NYSA KŁODZKA
94347;CHOCZ;17 52 47;51 58 28;PROSNA
93520;CHODECZ;19 02;52 24;ZGŁOWIĄCZKA
94807;CHODEL;22 08;51 07;WISŁA
92256;CHODZIEŻ;16 55;53 00;NOTEĆ
93026;CHOJNA;14 26;52 58;ODRA
94129;CHOJNÓW;15 56;51 17;KACZAWA
92611;CHORZELE;20 54;53 15;ORZYC
5708;CHORZELÓW;21 27;50 21;WISŁA
95433;CHORZÓW-MIASTO;18 57;50 18;RAWA
92108;CHOSZCZNO;15 25;53 10;INA
93952;CHRABOŁY;23 11 44;52 51 44;NAREW
95624;CHROBERZ;20 36;50 26;NIDA
92401;CHROŚNA;18 13;52 59;WISŁA
95135;CHROŚNICA;15 47;50 59;BÓBR
95510;CHRZANÓW;19 23;50 09;PRZEMSZA
4250;CHWAŁKOWICE;16 36 50;51 26 56;BARYCZ
96512;CHYŻNE;19 43;49 25;CZARNA ORAWA
95122;CIECHANOWICE;15 59;50 52;BÓBR
93829;CIECHANOWIEC;22 30;52 41;NURZEC
3401;CIECHOCINEK;18 48;52 53;WISŁA
92351;CIECHOLEWY;17 25;53 49;BRDA
96722;CIEKLIN;21 23;49 39;WISŁOKA
93639;CIEKSYN;20 38;52 35;WKRA
95574;CIELĘTNIKI;19 35;50 54;WARTA
94714;CIEPIELÓW;21 36;51 16;IŁŻANKA
95813;CIEPLICE;22 36;50 16;SAN
5102;CIEPLICE ŚLĄSKIE-ZDRÓJ;15 41;50 52;BÓBR
92706;CIERPIĘTA;21 09;53 11;OMULEW
6403;CIESZYN;18 38;49 45;OLZA
6452;CIESZYN;18 36 21;49 46 21;OLZA
6603;CIĘŻKOWICE;20 °5 9';49 °4 7';BIAŁA
95516;CIĘŻKOWICE;19 °2 0';50 °1 3';KOZI BRÓD
94241;CIOŁKOWO;16 58;51 45;BARYCZ
96805;CISNA;22 20;49 13;SAN
94405;CISOWA;18 43;51 05;WARTA
95658;CISÓW;20 54;50 46;CZARNA
93004;CYBINKA;14 49;52 12;ODRA
95576;CYKARZEW;19 11;50 57;LISWARTA
92220;CZAPLINEK;16 14;53 34;DRAWA
95705;CZARNA;21 15;50 04;WISŁOKA
1304;CZARNA DĄBRÓWKA;17 34;54 21;ŁUPAWA
94752;CZARNA KOLONIA;21 27 04;51 25 53;WISŁA
92438;CZARNA WODA;18 06;53 50;WDA
95572;CZARNCA;19 55;50 49;PILICA
92224;CZARNE;16 56;53 41;GWDA
95329;CZARNOLAS;17 19;50 36;NYSA KŁODZKA
93776;CZARNOWO;21 32 05;52 52 58;NAREW
93664;CZARNÓW-TOWARZYSTWO;20 32 53;52 14 41;BZURA
6519;CZARNY DUNAJEC;19 51;49 27;CZARNY DUNAJEC
94324;CZARNY LAS;17 46;51 30;BARYCZ
94424;CZARTORYJA;18 30;51 30;PROSNA
94325;CZATKOWICE;17 23;51 31;BARYCZ
96647;CZCHÓW;20 40;49 49;DUNAJEC
95530;CZELADŹ;19 05;50 20;PRZEMSZA
94829;CZEMIERNIKI;22 37;51 40;TYŚMIENICA
93327;CZERNIEJEWO;17 30;52 26;WARTA
93372;CZERNIEJEWO II;17 27 32;52 24 49;WARTA
93452;CZERNIKOWO;18 57;52 57;DRWĘCA
94253;CZERWONA WIEŚ;16 48;51 58;KANAŁ MOSIŃSKI
94852;CZESŁAWICE;22 15 17;51 18 13;WISŁA
93706;CZŁEKÓWKA;21 27;52 03;ŚWIDER
92203;CZŁOPA;16 07;53 05;DRWA
92343;CZŁUCHÓW;17 23;53 40;GWDA
91359;CZŁUCHY;17 11 42;54 39 56;ŁUPAWA
6622;CZORSZTYN-NADZAMCZE;20 20;49 26;DUNAJEC
93834;CZYŻEW;22 20;52 48;BUG
95643;DALESZYCE;20 49;50 48;CZARNA NIDA
94656;DAŃKÓW;20 42;51 44;PILICA
1201;DARŁOWO;16 23;54 27;WIEPRZA
92154;DARŻ;15 °0 2';53 °2 9';INA
93405;DĄBIE;18 49;52 05;NER
93347;DĄBROWA;17 57;52 45;NOTEĆ
95612;DĄBROWA TARNOWSKA;20 59 24;50 10 40;WISŁA
95664;DĄBROWA TARNOWSKA;20 59 28;50 11 10;WISŁA
92055;DĄBROWICA;14 58 26;53 27 50;INA
95362;DĄBRÓWKA GÓRNA;17 55 49;50 32 09;ODRA
94660;DĄBRÓWKA STARA;20 44;51 46;PILICA
93722;DĘBE WIELKIE;21 26;52 12;ŚWIDER
95704;DĘBICA;21 25;50 03;WISŁOKA
95479;DĘBINIEC;18 05;50 52;STOBRAWA
94724;DĘBLIN;21 48;51 33;WISŁA
96661;DĘBNO;20 13;49 28;DUNAJEC
93411;DĘBOWICE;18 52;52 11;WARTA
92826;DĘBOWO;22 56;53 37;BIEBRZA
93417;DĘBY SZLACHECKIE;18 36;52 18;WARTA
94146;DŁUGIE;15 37;51 39;BÓBR
91610;DŁUGOBÓR;19 59 29;54 13 19;PASŁĘKA
5211;DŁUGOPOLE-ZDRÓJ;16 38;50 15;NYSA KŁODZKA
6651;DOBCZYCE;20 04;49 53;RABA
93142;DOBIEGNIEW;15 46;52 58;DRAWA
92126;DOBRA;15 18;53 35;REGA
94443;DOBRA;18 38;51 56;KIEŁBASKA
96637;DOBRA;20 15;49 43;ŁOSOSINA
93440;DOBRE;18 34;52 41;NOTEĆ
2502;DOBROCIN;19 50;53 55;DRWĘCA
95471;DOBRODZIEŃ;18 27;50 44;MAŁA PANEW
5302;DOBROGOSZCZ;17 01;50 46;ODRA
95268;DOBROMIERZ;16 15;50 55;BYSTRZYCA
91509;DOBRY;19 57;54 07;PASŁĘKA
92710;DOBRYLAS;21 49 38;53 17 47;PISA
92753;DOBRYLAS;21 52;53 17;PISA
94508;DOBRYSZYCE;19 24;51 09;WIDAWKA
94638;DOLECK;20 19;51 54;RAWKA
94346;DOLSK;17 04;51 59;KANAŁ MOSIŃSKI
93801;DOMANICE;22 11;52 02;LIWIEC
91620;DOMARADY;20 55 15;54 18 41;ŁYNA
94908;DOROHUSK;23 48;51 09;BUG
92601;DOZINY;20 15;53 01;WKRA
92935;DRAHLE;23 33 18;53 23 08;SUPRAŚL
92152;DRAWNO;15 46;53 13;DRAWA
92124;DRAWSKO POMORSKIE;15 49;53 32;DRAWA
93138;DREZDENKO;15 52;52 51;NOTEĆ
95469;DRONIOWICE;18 49;50 42;LISWARTA
94644;DROZDY;20 49;51 59;WISŁA
93295;DRUŻYNA POZNAŃSKA;16 49 04;52 12 28;KANAŁ MOSIŃSKI
92828;DRYGAŁY;22 07;53 42;PISA
94526;DRZEWOCINY;19 19;51 32;WIDAWKA
91816;DUBENINKI;22 35;54 17;WĘGORAPA
94953;DUBICA GÓRNA;23 10 56;51 46 53;ZIELAWA
94904;DUBIENKA;23 53;51 03;BUG
6705;DUKLA;21 41;49 34;WISŁOKA
93526;DUNINÓW;19 29;52 35;WISŁA
96806;DWERNIK;22 38;49 13;SAN
95232;DWORKI;16 26;50 37;NYSA KŁODZKA
91150;DYGOWO;15 43;54 08;PARSĘTA
92754;DZBENIN;21 33 08;53 03 15;
92609;DZIAŁDOWO;20 11;53 14;WKRA
94407;DZIAŁOSZYN;18 53;51 08;WARTA
92554;DZIARNY;19 37;53 34;DRWĘCA
95512;DZIEĆKOWICE;19 13;50 11;PRZEMSZA
92543;DZIERZGOŃ;19 21;53 55;ELBLĄG
93255;DZIERŻĄŻNO WIELKIE;16 12;52 59;NOTEĆ
95248;DZIERŻONIÓW;16 39;50 44;BYSTRZYCA
95318;DZIEWIĘTLICE;17 06;50 25;NYSA KŁODZKA
92851;ELŻBIECIN;22 08;53 12;NAREW
92834;EŁK;22 21;53 50;EŁK
92413;FALĘCIN;18 32;53 14;WISŁA
93626;FAMUŁKI BROCHOWSKIE;20 21;52 19;BZURA
92911;FASTY;23 01;53 11;SUPRAŚL
95835;FRAMPOL;22 40;50 40;SAN
91602;FRANKNOWO;20 45;54 02;ŁYNA
92433;FRĄCA;18 38;53 43;WISŁA
92651;FRĄKNOWO;20 20;53 26;ŁYNA
1505;FROMBORK;19 41;54 22;ZALEW WIŚLANY
96733;FRYSZTAK;21 36;49 50;WISŁOK
95903;FUTORY;23 03;50 12;LUBACZÓWKA
94707;GADKA;21 00;51 08;IŁŻANKA
95282;GAJÓW;16 25;50 32;NYSA KŁODZKA
91608;GALINY;20 50;54 10;ŁYNA
94913;GARBATÓWKA;23 06;51 21;TYŚMIENICA
92429;GARDEJA;18 57;53 37;OSA
95726;GAWŁUSZOWICE;21 23;50 25;WISŁA
94145;GAWORZYCE;15 53;51 38;BÓBR
1407;GDAŃSK-RĘBIECHOWO;18 28;54 23;WISŁA
1404;GDAŃSK-ŚWIBNO;18 56;54 20;WISŁA
1408;GDAŃSK-WRZESZCZ;18 36;54 23;WISŁA
96652;GDÓW;20 13;49 53;RABA
1402;GDYNIA;18 34;54 31;PRZYMORZE
91455;GDYNIA DĄBROWA;18 26 57;54 28 07;PRZYMORZE
93437;GĘBICE;18 02;52 36;NOTEĆ
96572;GIERAŁTOWICE;19 23;49 56;SKAWA
95126;GIERCZYN;15 24;50 56;KWISA
92635;GIETRZWAŁD;20 15;53 45;PASŁĘKA
96549;GILOWICE;19 19;49 43;SOŁA
92540;GIRGAJNY;19 40;53 52;PARSĘTA
91801;GIŻE;22 24;54 00;EŁK
93141;GIŻYN;15 °0 1';52 °5 7';MYŚLA
96750;GLINIK MARIAMPOLSKI;21 10;49 40;WISŁOKA
95432;GLIWICE;18 38;50 18;KŁODNICA
93370;GŁĘBOCKO;17 03 35;52 35 40;
93459;GŁĘBOKIE;18 27;52 39;NOTEĆ
3501;GŁODOWO;19 14;52 50;WISŁA
94236;GŁOGÓW;16 06;51 39;ODRA
95313;GŁOGÓWEK;17 52;50 21;ODRA
91707;GŁOWBITY;21 06;54 11;GUBER
5309;GŁUBCZYCE;17 48;50 11;ODRA
5308;GŁUCHOŁAZY;17 23;50 18;NYSA KŁODZKA
95241;GŁUSZYCA;16 22;50 41;BYSTRZYCA
95275;GNIECHOWICE;16 50;50 59;BYSTRZYCA
92440;GNIEW;18 49;53 50;WIERZYCA
3303;GNIEZNO;17 34;52 33;WEŁNA
96665;GNOJNIK;20 35;49 54;WISŁA
96426;GOCZAŁKOWICE-ZDRÓJ;18 59;49 56;WISŁA
95534;GOLCZOWICE;19 36;50 22;PRZEMSZA
95342;GOLCZOWICE OPOLSKIE;17 45;50 47;ODRA
2004;GOLENIÓW;14 53 35;53 35 35;ZALEW SZCZECIŃSKI
92021;GOLENIÓW;14 49;53 34;INA
93357;GOŁAŃCZ;17 18;52 57;WEŁNA
1801;GOŁDAP;22 19;54 19;WĘGORAPA
96452;GOŁKOWICE;18 30;49 55;ODRA
93644;GOŁOTCZYZNA;20 42;52 47;WKRA
91453;GORĘCZYNO;18 10;54 16;MARTWA WISŁA
96723;GORLICE;21 10;49 40;WISŁOKA
95932;GORZKÓW;23 01;50 57;WIEPRZ
3101;GORZYŃ;15 54;52 34;WARTA
95261;GOSTKÓW;16 06;50 51;BÓBR
92206;GOSTOMIA;16 26;53 11;PIŁAWA
93522;GOSTYNIN;19 28;52 25;WISŁA
95365;GOŚCIEJOWICE;17 37 23;50 39 06;NYSA KŁODZKA
93136;GOŚCIM;15 42;52 46;NOTEĆ
95328;GOWOROWICE;17 08;50 33;OŁAWA
93015;GOZDOWICE;14 19;52 46;ODRA
94238;GÓRA;16 33;51 40;BARYCZ
94739;GÓRA KALWARIA;21 12;51 59;WISŁA
5403;GÓRA ŚW.ANNY;18 10;50 27;ODRA
96413;GÓRKI WIELKIE;18 51;49 46;WISŁA
91614;GÓROWO IŁAWECKIE;20 30;54 18;ŁYNA
4101;GRABIK;15 07;51 39;BÓBR
94101;GRABISZYCE GÓRNE;15 12;51 00;BÓBR
95926;GRABOWIEC;23 32;50 49;KALINÓWKA
94743;GRABOWIEC;21 23 07;51 06 07;WISŁA
4303;GRABOWNICA;17 27;51 28;PRADNIA
92827;GRAJEWO;22 27;53 39;BIEBRZA
92750;GRĄDY PODMIEJSKIE;21 57 01;53 49 18;PISA
95736;GRĘBÓW;21 53;50 34;WISŁA
5303;GRODKÓW;17 24;50 41;NYSA KŁODZKA
93402;GRODZIEC;18 03;52 02;WARTA
95468;GRODZIEC;18 16;50 42;MAŁA PANEW
93826;GRODZISK;22 44;52 35;NURZEC
95808;GRODZISKO DOLNE;22 27;50 10;WISŁOK
92908;GRÓDEK;23 40;53 06;SUPRAŚL
93631;GRÓDKOWO;20 12;52 26;WISŁA
92603;GRUDUSK;20 38;53 04;WKRA
2403;GRUDZIĄDZ;18 43;53 26;WISŁA
93326;GRUSZCZYN;17 04 11;52 25 53;WARTA
96634;GRUSZOWIEC;20 11;49 42;DUNAJEC
96628;GRYBÓW;20 57;49 37;DUNAJEC
92014;GRYFINO;14 29;53 15;ODRA
94110;GRYFÓW ŚLĄSKI;15 24 34;51 01 36;KWISA
93110;GRYŻYNA;15 17;52 11;ODRA
93231;GRZEBIENISKO;16 32;52 26;KANAŁ MOSIŃSKI
92230;GRZMIĄCA;16 26;53 50;PARSĘTA
91202;GRZYBNICA;16 27;54 03;RADEW
96578;GUBAŁÓWKA;19 56;49 18;DUNAJEC
94011;GUBIN;14 46;51 57;NYSA ŁUŻYCKA
93764;GUTY DUŻE;21 16;52 56;NAREW
92347;GWIEŹDZIN;17 12;53 44;BRDA
96725;HACZÓW;21 54;49 40;WISŁOK
93913;HAJNÓWKA;23 35;52 44;LEŚNA
6632;HALA GĄSIENICOWA;20 00 21;49 14 39;BIAŁY DUNAJEC
6526;HALA ORNAK;19 52;49 14;CZARNY DUNAJEC
94915;HAŃSK;23 24;51 24;BUG
96519;HARKABUZ;19 48 52;49 32 45;CZARNA ORAWA
92926;HOŁODOLINA;23 14;53 32;BIEBRZA
95924;HRUBIESZÓW;23 53;50 48;HUCZWA
96838;HUCISKO JAWORNICKIE;22 21;49 53;WISŁOK
96844;HUSÓW;22 18;49 59;WISŁOK
96615;HUTA;20 58;49 28;POPRAD
95561;HUTKI;19 00;50 41;WARTA
5608;IGOŁOMIA;20 16;50 06;WISŁA
92528;IŁAWA;19 33;53 36;DRWĘCA
94139;IŁOWA;15 12;51 30;BÓBR
93627;IŁÓW;20 02;52 20;WISŁA
94709;IŁŻA;21 14;51 10;IŁŻANKA
95272;IMBRAMOWICE;16 34;50 58;BYSTRZYCA
3402;INOWROCŁAW;18 14;52 48;NOTEĆ
92120;IŃSKO;15 33;53 26;INA
96455;ISTEBNA;18 53 39;49 34 18;OLZA
6408;ISTEBNA-KUBALONKA;18 54;49 36;WISŁA
96403;ISTEBNA-MŁODA GÓRA;18 52;49 35;OLZA
96404;ISTEBNA-STECÓWKA;18 56 18;49 35 07;OLZA
96402;ISTEBNA-WIEŚ;18 54;49 34;OLZA
94429;IWANOWICE;18 18 57;51 39 11;TROJANÓWKA
95517;IWANOWICE;19 59;50 13;DŁUBNIA
94124;IWINY;15 42;51 12;BÓBR
96646;IWKOWA;20 35;49 49;DUNAJEC
91355;IZBICA;17 26 19;54 41 00;ŁEBA
93429;IZBICA KUJAWSKA;18 °4 6';52 °2 6';NOTEĆ
93423;JABŁONKA;18 07;52 22;WARTA
93219;JABŁONNA;16 12;52 12;OBRA
92518;JABŁONOWO;19 10;53 24;OSA
95611;JADOWNIKI MOKRE;20 44;50 10;WISŁA
95114;JAGNIĄTKÓW;15 37;50 49;BÓBR
93448;JAKSICE;18 11;52 51;NOTEĆ
93462;JAKSICE II;18 11 59;52 52 15;NOTEĆ
95301;JAKUBOWICE;17 51;50 01;OPAWA
95613;JAKUBOWICE;20 19;50 11;SZRENIAWA
5150;JAKUSZYCE;15 27;50 49;BÓBR
95113;JAKUSZYCE;15 27;50 49;BÓBR
92951;JAŁÓWKA;23 21;53 22;SUPRAŚL
95132;JANICE;15 32;50 58;BÓBR
94244;JANISZEWO;16 46;51 46;BARYCZ
93348;JANOWIEC WIELKOPOLSKI;17 29;52 46;WEŁNA
92923;JANÓW;23 14;53 28;BIEBRZA
95838;JANÓW LUBELSKI;22 25;50 43;SAN
95577;JANUSZEWICE;19 58;50 57;PILICA
95103;JARKOWICE;15 53;50 44;BÓBR
93854;JARNICE;22 01;52 22;LIWIEC
95311;JARNOŁTÓWEK;17 27;50 17;ODRA
5802;JAROCIN;22 18;50 34;SAN
95801;JAROSŁAW;22 41;50 02;SAN
94556;JAROSTY;19 41 31;51 27 45;PILICA
96639;JASIENNA;20 50;49 43;DUNAJEC
96623;JASIONÓW;20 02;49 35;RABA
96729;JASŁO;21 28;49 44;JASIOŁKA
96756;JASŁO;21 29;49 44;WISŁOKA
91433;JASTARNIA;18 40;54 42;BAŁTYK
92214;JASTROWIE;16 49;53 26;GWDA
6650;JASTRZĘBIA;20 54;49 47;DUNAJEC
92950;JASTRZĘBNA PIERWSZA;23 13;53 44;BIEBRZA
95762;JASTRZĘBSKA WOLA;21 11;50 43;CZARNA
94401;JASTRZYGOWICE;18 20;51 00;PROSNA
92537;JAŚKOWO;19 44;53 49;DRWĘCA
96707;JAŚLISKA;21 49;49 27;WISŁOKA
96575;JAWISZOWICE;19 08;49 58;WISŁA
94205;JAWOR;16 11;51 03;KACZAWA
94840;JEDLANKA;22 06;51 56;TYŚMIENICA
95247;JEDLINA-ZDRÓJ;16 21;50 44;BYSTRZYCA
92705;JEDNOROŻEC;21 03;53 09;ORZYC
4350;JELCZ-LASKOWICE;17 21;51 03;WIDAWA
92626;JEMIOŁOWO;20 17 58;53 33 42;PASŁĘKA
92536;JERZWAŁD;19 32;53 47;DRWĘCA
93464;JEZIORKI;18 08 46;52 37 10;NOTEĆ
92359;JEZIORNA;17 55;53 57;WDA
3205;JEZIORY;16 48;52 16;WARTA
94552;JEŻÓW;19 58;51 49;BZURA
91218;JEŻYCZKI;16 24;54 20;WIEPRZA
96736;JODŁOWA;21 19;49 53;WISŁOKA
6602;JODŁOWNIK;20 15;49 47;STRADOMKA
96539;JORDANÓW;19 50;49 39;SKAWA
95911;JÓZEFÓW;23 03;50 29;TANEW
91616;JUDYTY;20 54;54 19;ŁYNA
95233;JUGÓW;16 32;50 37;NYSA KŁODZKA
95125;KACZORÓW;15 58;50 55;KACZAWA
96418;KACZYCE;18 37;49 50;OLZA
95462;KADŁUB-PIEC;18 17;50 36;MAŁA PANEW
92708;KADZIDŁO;21 28;53 14;NAREW
92423;KALISKA;18 25;53 30;WDA
96853;KALNICA;22 26;49 12;SAN
96567;KALWARIA ZEBRZYDOWSKA;19 42;49 52;WISŁA
96599;KALWARIA ZEBRZYDOWSKA;19 41 07;49 52 12;WISŁA
96532;KAMESZNICA;19 04;49 36;SOŁA
92329;KAMIENICA;17 49;53 29;BRDA
95276;KAMIENICA;16 53;50 13;BIAŁA LĄDECKA
95224;KAMIENIEC ZĄBKOWICKI;16 52;50 31;NYSA KŁODZKA
92104;KAMIENNA;15 56;53 02;DRAWA
95254;KAMIENNA GÓRA;16 02 16;50 46 03;BÓBR
92334;KAMIEŃ KRAJEŃSKI;17 32;53 32;BRDA
92922;KAMIONKA;23 02;53 26;BIEBRZA
94906;KANIE;23 07;51 09;WIEPRZ
94010;KANIÓW;14 55;51 56;NYSA ŁUŻYCKA
96845;KAŃCZUGA;22 24 26;49 59 07;WISŁOK
93104;KARGOWA;15 52;52 05;OBRZYCA
95483;KARMONKI NOWE;18 35;50 55;LISWARTA
5105;KARPACZ;15 47;50 47;BÓBR
91308;KARPNO;17 48;54 07;WDA
92211;KARSIBÓR;16 24;53 22;PIŁAWA
92259;KARSIBÓR II;16 23 53;53 21 06;PIŁAWA
92026;KARTLEWO;14 48;53 48;DZIWNA
91421;KARTUZY;18 12;54 20;MARTWA WISŁA
1302;KARŻNICZKA;17 14;54 29;SŁUPIA
91606;KASZUNY;20 20;54 09;PASŁĘKA
3607;KAWĘCZYN;20 21;52 10;BZURA
93660;KAWĘCZYN;20 21 00;52 10 18;BZURA
94716;KAZIMIERZ DOLNY;21 57;51 20;WISŁA
95617;KAZIMIERZA MAŁA;20 32;50 16;WISŁA
91529;KĄTY RYBACKIE;19 12 51;54 19 59;ZALEW WIŚLANY
94204;KĄTY WROCŁAWSKIE;16 46;51 02;BYSTRZYCA
94805;KĘPA;22 15 06;51 03 46;WISŁA
95545;KĘPIE;19 56;50 28;PILICA
94414;KĘPNO;18 00;51 17;PROSNA
96568;KĘTY;19 14;49 53;SOŁA
94452;KIEŁCZYGŁÓW;18 59 01;51 14 18;WIDAWKA
95411;KIETRZ;18 01;50 05;ODRA
92647;KIKITY;20 52;53 59;ŁYNA
92655;KIKITY II;20 52 38;53 58 58;ŁYNA
93916;KLEJNIKI;23 24;52 50;NAREW
93907;KLESZCZELE;23 21;52 34;NURZEC
93306;KLĘKA;17 25;52 05;WARTA
95739;KLIMONTÓW;21 27;50 40;KOPRZYWIANKA
95634;KLISZÓW;20 32;50 37;NIDA
92326;KLONOWO;17 58;53 27;BRDA
92223;KLUCZEWO;16 11;53 39;DRAWA
91354;KLUKI;17 22 16;54 41 18;ŁEBA
91319;KLUKOWA HUTA;17 54;54 15;MARTWA WISŁA
95482;KŁOBUCK;18 56;50 54;LISWARTA
93415;KŁODAWA;18 53 33;52 14 57;WARTA
1503;KMIECIN;19 10;54 11;SZKARPAWA
95410;KOBIÓR;18 55;50 04;WISŁA
95475;KOBYLNO;18 07;50 48;STOBRAWA
95582;KOBYŁCZYCE;19 22;50 48;WARTA
96552;KOCIERZ MOSZCZANICKI;19 16;49 44;SOŁA
94827;KOCK;22 27;51 38;TYŚMIENICA
94927;KODEŃ;23 37;51 56;BUG
5709;KOLBUSZOWA;21 48;50 14;PRZYRWA
95761;KOLBUSZOWA;21 48;50 14;WISŁA
92716;KOLNO;21 56;53 24;PISA
93667;KOLONIA KAWĘCZYN;20 21 17;52 10 56;BZURA
94950;KOLONIA ZAKRĘCIE;23 07;51 01;WIEPRZ
93441;KOŁODZIEJEWO;18 02;52 43;NOTEĆ
93773;KOMOROWO;21 50;52 49;NAREW
96401;KONIAKÓW;18 57;49 33;OLZA
95570;KONIECPOL;19 43;50 48;PILICA
95642;KONIECZNO;20 03;50 48;NIDA
93413;KONIN;18 14;52 13;WARTA
93214;KONOJAD;16 33;52 09;KANAŁ MOSIŃSKI
2404;KOŃCZEWICE;18 33;53 11;WISŁA
94610;KOŃSKIE;20 24;51 11;DRZEWICZKA
95123;KOPANIEC;15 33;50 53;BÓBR
95630;KOPERNIA;20 30;50 32;NIDA
92361;KOPERNICA;17 28;53 47;BRDA
95363;KOPICE;17 28 34;50 38 45;NYSA KŁODZKA
96523;KORBIELÓW;19 21;49 34;KOSZARAWA
5304;KORFANTÓW;17 36;50 29;NYSA KŁODZKA
5352;KORFANTÓW II;17 36 46;50 28 30;NYSA KŁODZKA
92319;KORONOWO;17 56;53 19;BRDA
94455;KORZEKWIN;18 19 35;51 40 08;
92435;KORZENIEWO;18 °5 2';53 °4 5';WISŁA
93001;KOSARZYN;14 46;52 04;NYSA ŁUŻYCKA
92354;KOSOBUDY;17 46;53 53;WDA
92517;KOSTKOWO;19 55;53 22;DRWĘCA
93324;KOSTRZYN;17 14;52 24;WARTA
93010;KOSTRZYN NAD ODRĄ;14 40;52 35;WARTA
96537;KOSZARAWA;19 24;49 39;SOŁA
98505;KOSZARAWA-ŻŁABNE;19 26 45;49 40 06;SOŁA
93211;KOŚCIAN;16 38;52 06;KANAŁ MOSIŃSKI
93259;KOŚCIAN II;16 39 10;52 05 14;KANAŁ MOSIŃSKI
96507;KOŚCIELISKO-KIRY;19 52;49 16;ZAKOPIANKA
94135;KOŚCIELNA WIEŚ;15 12;51 25;BÓBR
1305;KOŚCIERZYNA;17 58;54 08;WIERZYCA
91807;KOWALE OLECKIE;22 25;54 10;WĘGORAPA
92408;KOWALEWO;18 55;53 10;DRWĘCA
96617;KOWANIEC;20 02;49 30;CZARNY DUNAJEC
95112;KOWARY;15 51;50 48;BÓBR
94729;KOZICE (ŻYCZYN);21 45;51 40;WISŁA
95437;KOŹLE;18 09;50 21;ODRA
96658;KOŹMICE WIELKIE;20 02;49 57;WISŁA
94338;KOŹMIN WIELKOPOLSKI;17 27;51 49;ORLA
94437;KOŹMINEK;18 21;51 48;PROSNA
94165;KOŻUCHÓW;15 36;51 45;ODRA
92316;KRAJENKA;17 00;53 18;GWDA
95505;KRAKÓW-BIELANY-KLASZTOR;19 51;50 03;WISŁA
5511;KRAKÓW-OBSERWATORIUM;19 58;50 04;WISŁA
93416;KRAMSK;18 26;52 16;WARTA
95323;KRAPKOWICE;17 57;50 28;ODRA
96833;KRASICZYN;22 39;49 47;SAN
94818;KRASIENIN;22 28;51 22;WIEPRZ
96731;KRASNA;21 51;49 47;KROŚCIENKA
92932;KRASNE;23 21;53 47;CZARNA HAŃCZA
93652;KRASNE;20 58;52 55;ORZYC
95648;KRASOCIN;20 07;50 54;PILICA
94425;KRASZEWICE;18 13;51 31;PROSNA
93666;KRASZEWO;20 34 02;52 47 27;WKRA
95848;KRAŚNIK LUBELSKI;22 16;50 56;WISŁA
91212;KRĄG;16 42;54 13;WIEPRZA
96712;KREMPNA;21 30;49 30;WISŁOKA
95581;KRĘCIWILK;19 22;50 33;WARTA
95755;KRĘPA GÓRNA;21 21;50 44;WISŁA
6704;KROSNO;21 45;49 41;WISŁOK
93103;KROSNO ODRZAŃSKIE;15 07;52 03;ODRA
6618;KROŚCIENKO;20 26;49 27;DUNAJEC
94331;KROTOSZYN;17 26;51 42;ORLA
95412;KRÓLÓWKA;18 47;50 05;ODRA
95459;KRUPSKI MŁYN;18 38;50 34;MAŁA PANEW
94528;KRUSZÓW;19 35;51 35;PILICA
91323;KRUSZYNA;17 02;54 21;SŁUPIA
6623;KRYNICA;20 58;49 25;POPRAD
93813;KRYNICA;22 18;52 18;LIWIEC
91523;KRYNICA MORSKA;19 27;54 23;ZALEW WIŚLANY
92814;KRYPNO KOŚCIELNE;22 53;53 17;NAREW
95424;KRYWAŁD;18 38;50 13;ODRA
96546;KRZECZÓW;19 54;49 41;RABA
94248;KRZEMIENIEWO;16 50;51 51;RÓW POLSKI
95486;KRZEPICE;18 44;50 58;LISWARTA
93501;KRZEPOCINEK;19 06;52 00;NER
95508;KRZESZOWICE;19 38;50 08;RUDAWA
95250;KRZESZÓW;16 04;50 45;BÓBR
93130;KRZESZYCE;15 01;52 35;KANAŁ POSTOMSKI
92106;KRZĘCIN;15 30;53 05;INA
92607;KRZYNOWŁOGA MAŁA;20 48;53 09;ORZYC
3202;KRZYŻ;15 59;52 53;NOTEĆ
95625;KSIĄŻ WIELKI;20 08;50 27;WISŁA
92645;KSIĄŻNIK;20 04;53 58;PASŁĘKA
94353;KSIĘGINICE;17 04 35;51 19 44;BARYCZ
95283;KUDOWA-ZDRÓJ;16 12 07;50 26 20;ŁABA
92556;KULIGI;19 42 18;53 26 12;DRWĘCA
95346;KUP;17 53;50 49;STOBRAWA
91550;KUROWO BRANIEWSKIE;19 45;54 14;ZALEW WIŚLANY
92703;KURPIE;21 46;53 03;NAREW
94704;KURZACZE;21 22;51 01;KAMIENNA
93253;KUŹNICA CZARNKOWSKA;16 32;52 57;NOTEĆ
96593;KUŹNICE;19 59;49 16;ZAKOPIANKA
95728;KWASÓW;21 02;50 26;CZARNA
4205;KWIETNO;16 28;51 11;ODRA
96579;LACHOWICE KRALE;19 25;49 42;SKAWA
92820;LACHOWO;22 01;53 28;PISA
6551;LALIKI;19 01;49 33;SOŁA
93101;LASKI;15 19;52 02;ODRA
93747;LASKI;21 44;52 31;LIWIEC
95212;LASÓWKA;16 27;50 19;ŁABA
95802;LASZKI;22 54;50 02;SAN
93313;LĄD;17 54;52 12;WARTA
5208;LĄDEK-ZDRÓJ;16 53;50 21;NYSA KŁODZKA
91609;LECHOWO;20 16;54 12;PASŁĘKA
91617;LELKOWO;20 14;54 20;PASŁĘKA
95563;LELÓW;19 38;50 41;PILICA
92714;LESINY WIELKIE;21 08;53 23;OMULEW
96819;LESZCZOWATE;22 33;49 30;SAN
93665;LESZNO;20 35 08;52 15 22;BZURA
94108;LEŚNA;15 16;51 02;KWISA
92441;LEŚNA HUTA;18 06;53 53;WDA
95447;LEŚNICA;18 11;50 26;ODRA
95217;LEWIN KŁODZKI;16 18;50 25;ŁABA
5805;LEŻAJSK;22 25;50 15;SAN
6501;LIBERTÓW;19 54;49 58;WISŁA
2505;LIDZBARK;19 50;53 15;DRWĘCA
1601;LIDZBARK WARMIŃSKI;20 36;54 08;ŁYNA
96580;LIGASÓWKA-ZĄB;19 57;49 20;DUNAJEC
95491;LIGOTA GÓRNA;18 09;50 29;MAŁA PANEW
94312;LIGOTA PIĘKNA;17 03;51 14;WIDAWA
95405;LIGOTA TWORKOWSKA;18 16;50 02;ODRA
92010;LINIE;14 45;53 11;PŁONIA
95836;LIPA;22 06;50 42;SAN
95435;LIPINY;18 54;50 19;PRZEMSZA
96650;LIPNICA DOLNA;20 32;49 52;WISŁA
98501;LIPNICA WIELKA;19 32 43;49 32 16;CZARNA ORAWA
2003;LIPNIK (LIPKI);14 58;53 21;PŁONIA
96540;LIPOWA;19 05;49 40;SOŁA
1550;LIPOWINA;19 59;54 21;PASŁĘKA
91452;LISEWO;18 50;54 06;SZKARPAWA
95707;LISIA GÓRA;21 02;50 05;WISŁOKA
94222;LISIEC;16 03;51 19;KACZAWA
94451;LISKÓW;18 24 36;51 50 07;PROSNA
92119;LISOWO;15 18;53 26;INA
93815;LIWSKIE MOSTY;22 01;52 22;LIWIEC
95256;LUBACHÓW;16 26;50 46;BYSTRZYCA
5904;LUBACZÓW;23 08;50 09;LUBACZÓWKA
93445;LUBANIE;18 55;52 45;WISŁA
91406;LUBAŃ;18 10;54 07;WIERZYCA
94118;LUBAŃ;15 18;51 06;KWISA
94822;LUBARTÓW;22 36;51 28;WIEPRZ
96754;LUBATOWA;21 46;49 33;WISŁOK
92523;LUBAWA;19 45;53 30;DRWĘCA
95352;LUBICZ;17 34 25;50 54 10;ODRA
96551;LUBIEŃ;19 58;49 43;RABA
94159;LUBIĘCIN;15 51;51 54;OBRZYCA
93128;LUBIKOWO;15 42;52 33;WARTA
94225;LUBIN;16 13 01;51 24 43;ODRA
3104;LUBINICKO-ŚWIEBODZIN;15 33;52 15;OBRZYCA
5402;LUBLINIEC;18 42;50 41;MAŁA PANEW
93151;LUBNIEWICE;15 16;52 31;WARTA
94103;LUBOMIERZ;15 31;51 01;KWISA
95258;LUBOMIN;16 12;50 48;BYSTRZYCA
91603;LUBOMINO;20 15;54 04;PASŁĘKA
93368;LUBONIEC;17 12 07;52 10 03;WARTA
95304;LUBOTYŃ;17 57;50 03;ODRA
94009;LUBSKO;14 59;51 48;NYSA ŁUŻYCKA
94553;LUĆMIERZ;19 22 16;51 53 31;BZURA
96651;LUSŁAWICE;20 50;49 52;DUNAJEC
93117;LUTOL SUCHY;15 43;52 20;OBRZYCA
94523;LUTOSŁAWICE RZĄDOWE;19 34;51 31;WIDAWKA
96807;LUTOWISKA;22 42;49 15;SAN
92328;LUTÓWKO;17 27;53 28;BRDA
92654;LUTRY;20 53 07;53 59 53;ŁYNA
95436;ŁABĘDY;18 37;50 20;KŁODNICA
92129;ŁABĘDZIE;15 49;53 39;REGA
6614;ŁABOWA;20 52;49 32;KAMIENICA
96662;ŁABOWA;20 52;49 32;DUNAJEC
95259;ŁAGIEWNIKI;16 51;50 48;ODRA
94355;ŁANY;17 10 56;51 04 26;WIDAWA
95805;ŁAŃCUT;22 14;50 05;WISŁOK
96649;ŁAPANÓW;20 19;49 52;RABA
96611;ŁAPSZE NIŻNE;20 15;49 24;DUNAJEC
92524;ŁASIN;19 06;53 31;OSA
94530;ŁASK;19 08;51 36;WIDAWKA
4605;ŁAZISKA;20 55;51 20;RADOMKA
93823;ŁAZÓW;22 22;52 34;BUG
95540;ŁAZY;19 23;50 26;PRZEMSZA
95315;ŁĄKA;17 13;50 23;NYSA KŁODZKA
95473;ŁEBKI;18 46;50 47;LISWARTA
94816;ŁĘCZNA;22 54;51 18;WIEPRZ
94730;ŁĘKAWICA;21 19;51 43;PILICA
94003;ŁĘKNICA;14 45;51 32;NYSA ŁUŻYCKA
92739;ŁĘŻANY;21 09;53 58;GUBER
91309;ŁOBZOWO;17 14;54 08;WIEPRZA
96548;ŁODYGOWICE;19 09;49 43;SOŁA
94620;ŁOKIETKA;20 09;51 28;PILICA
94926;ŁOMAZY;23 11;51 54;KRZNA
93308;ŁOMÓW;17 51;52 07;PROSNA
6616;ŁOPUSZNA;20 08;49 29;DUNAJEC
93810;ŁOSICE;22 44;52 13;BUG
5350;ŁOSIÓW;17 33;50 47;ŚLĘZA
93507;ŁOWICZ;19 57;52 07;BZURA
94137;ŁOZY;15 22;51 29;KWISA
93140;ŁUBIANKA;15 12;52 53;WARTA
95448;ŁUBIE GÓRNE;18 39;50 27;KŁODNICA
94315;ŁUCZYNA;17 17;51 18;WIDAWA
94838;ŁUKÓW;22 22;51 55;KRZNA
91351;ŁUPAWSKO;17 36;54 17;ŁUPAWA
6631;ŁYSA POLANA;20 07;49 16;BIAŁY DUNAJEC
94550;ŁYSZKOWICE;19 55;51 59;BZURA
95521;MACZKI;19 16;50 16;PRZEMSZA
93054;MACZKÓW;14 44 39;52 16 31;ODRA
95914;MAJDAN WIELKI;23 17;50 33;WIEPRZ
93805;MAKARÓWKA;22 53;52 07;KRZNA
95429;MAKOSZOWY;18 46;50 16;KŁODNICA
6507;MAKÓW PODHALAŃSKI;19 41;49 44;SKAWA
91329;MALCZKOWO;17 22;54 26;ŁUPAWA
94216;MALCZYCE;16 30;51 13;ODRA
95644;MAŁOGOSZCZ;20 17;50 49;NIDA
92628;MAŁSZEWO;20 43;53 35;WADĄG
92735;MARADKI;21 09;53 49;PISA
2804;MARIANOWO;22 06;53 13;NAREW
92121;MASZEWO;15 04;53 30;ZALEW SZCZECIŃSKI
93002;MASZEWO;14 °5 4';52 °0 4';ODRA
94702;MAZANÓW;21 55;51 00;WISŁA
96421;MAZAŃCOWICE;19 00;49 52;WISŁA
92323;MĄKOWARSKO;17 49;53 24;BRDA
92369;MĄKOWARSKO;17 48 52;53 24 43;BRDA
95504;MĘTKÓW;19 22;50 03;WISŁA
92804;MĘŻENIN;22 28;53 05;NAREW
93247;MIAŁY;16 10;52 49;NOTEĆ
1202;MIASTKO;16 59;54 01;WIEPRZA
93742;MIĄSE;21 27;52 24;NAREW
93902;MICHAŁKI;23 19;52 06;KRZNA
93229;MICHORZEWO;16 21;52 22;KANAŁ MOSIŃSKI
93297;MICHORZEWO II;16 22;52 22;KANAŁ MOSIŃSKI
94824;MICHÓW;22 19;51 31;WIEPRZ
91105;MIECHĘCINO;15 45;54 07;PARSĘTA
5604;MIECHÓW;20 02;50 22;WISŁA
93603;MIEDNIEWICE;20 18;52 05;BZURA
95765;MIELEC;21 25;50 17;WISŁOKA
92003;MIELĘCIN;14 54;53 04;PŁONIA
92204;MIELĘCIN;16 16;53 08;DRAWA
91214;MIELNO;16 03;54 15;BAŁTYK
93465;MIEROGONIEWICE;18 20 10;52 52 21;WISŁA
95238;MIEROSZÓW;16 11;50 40;NYSA KŁODZKA
93016;MIESZKOWICE;14 30;52 48;ODRA
94319;MIĘDZYBÓRZ;17 40;51 24;BARYCZ
95207;MIĘDZYGÓRZE;16 46;50 14;NYSA KŁODZKA
95202;MIĘDZYLESIE;16 40;50 09;NYSA KŁODZKA
94842;MIĘDZYRZEC PODLASKI;22 47;51 59;KRZNA
93123;MIĘDZYRZECZ;15 37;52 27;OBRA
92954;MIKASZÓWKA;23 23 42;53 53 15;CZARNA HAŃCZA
93550;MIKOŁAJEWO;19 56;52 37;WISŁA
91352;MIKOROWO;17 35;54 25;ŁUPAWA
92757;MIKOSZE;21 55 18;53 48 21;PISA
94554;MIKULIN;19 59;51 50;BZURA
92358;MILACHOWO;17 36;53 56;BRDA
94518;MILEJÓW;19 43;51 21;PILICA
94326;MILICZ;17 16;51 32;BARYCZ
96521;MILÓWKA;19 05;49 34;SOŁA
93248;MIŁKOWO;16 31;52 49;NOTEĆ
95708;MIŁOCIN;21 59;50 05;WISŁOK
91401;MIŁORADZ;18 55;54 01;ŚWIĘTA
91423;MIRACHOWO;18 02;54 24;ŁEBA
94450;MIRKÓW;18 09;51 19;PROSNA
5850;MIROCIN;22 34;50 02;MLECZKA ZACHODNIA
92210;MIROSŁAWIEC;16 05;53 21;DRWA
95137;MIRSK;15 23 00;50 59 13;KWISA
95278;MŁOTY;16 32;50 18;NYSA KŁODZKA
92736;MŁYNOWO;21 20;53 53;GUBER
96902;MŁYNY;23 03;49 59;SAN
95639;MNISZEK;20 17;50 44;NIDA
93535;MOCHOWO;19 34;52 46;SKRWA
93421;MODZEROWO;18 46;52 21;NOTEĆ
95421;MODZURÓW;18 08;50 10;ODRA
92553;MOKRY LAS;19 07;53 10;DRWĘCA
92818;MOŃKI;22 48;53 24;NAREW
92852;MOŃKI;22 47 45;53 24 01;NAREW
93809;MORDY;22 31;52 13;LIWIEC
6634;MORSKIE OKO;20 04 16;49 12 07;BIAŁY DUNAJEC
96660;MORSKIE OKO;20 04 16;49 12 07;DUNAJEC
93022;MORYŃ;14 24;52 52;ODRA
93222;MOSINA;16 51;52 15;KANAŁ MOSIŃSKI
94921;MOSTY;23 17;51 39;KRZNA
94524;MOSZCZENICA;19 43;51 30;PILICA
92368;MOTYL;17 49 30;53 25 47;
92755;MRĄGOWO;21 18 37;53 53 13;GUBER
94609;MROCZKÓW;20 43;51 09;KAMIENNA
96429;MSZANA;18 33;49 58;OLZA
94643;MSZCZONÓW;20 32;51 59;BZURA
95513;MURCKI;19 03;50 12;WISŁA
96813;MYCZKOWCE;22 25;49 26;SAN
95119;MYSŁAKOWICE;15 47;50 51;BÓBR
95262;MYSŁAKÓW;16 39;50 52;BYSTRZYCA
95553;MYSZKÓW;19 20 57;50 33 55;WARTA
2750;MYSZYNIEC;21 21;53 23;NAREW
97513;MYŚLENICE;19 57;49 49;RABA
93023;MYŚLIBÓRZ;14 52;52 55;MYŚLA
91516;MYŚLIWIEC;19 43;54 14;ZALEW WIŚLANY
95637;NAGŁOWICE;20 07;50 41;NIDA
93319;NAGRADOWICE;17 09;52 19;WARTA
4304;NAMYSŁÓW;17 44;51 05;WIDAWA
93920;NAREW;23 31;52 55;NAREW
93918;NAREWKA;23 45;52 52;NAREW
93953;NAREWKA;23 44;52 52;NAREW
95907;NAROL;23 20;50 21;TANEW
93155;NĄDNIA;15 53 01;52 14 30;OBRA
92720;NIEDŹWIEDZIE;21 09;53 31;NAREW
96625;NIEDŹWIEDŹ;20 05;49 37;RABA
93770;NIEGÓW;21 23 19;52 30 36;BUG
95249;NIEMCZA;16 51;50 44;ODRA
95364;NIEMODLIN;17 39 45;50 38 52;
95201;NIEMOJÓW;16 35;50 09;ŁABA
91357;NIESIOŁOWICE-RZEPISKA;17 50 56;54 12 16;WDA
91310;NIEZABYSZEWO;17 26;54 08;SŁUPIA
95575;NIEZNANICE;19 19;50 55;WARTA
92308;NIEŻYCHOWO;17 09;53 09;NOTEĆ
2701;NIKUTOWO;21 18;53 50;GUBER
95490;NIWKI;18 41;50 49;LISWARTA
93240;NOJEWO;16 19;52 36;WARTA
95752;NOSÓW;21 13;50 55;KAMIENNA
95511;NOWA GÓRA;19 36;50 10;WISŁA
95206;NOWA MORAWA;16 55;50 14;NYSA KŁODZKA
91526;NOWA PASŁĘKA;19 °4 7';54 °2 6';PASŁĘKA
95228;NOWA RUDA;16 32;50 34;NYSA KŁODZKA
95227;NOWA RUDA-SŁUPIEC;16 32 05;50 32 31;NYSA KŁODZKA
95750;NOWA SŁUPIA;21 05;50 52;KAMIENNA
94166;NOWA SÓL;15 44;51 48;ODRA
4803;NOWA WIEŚ;22 45;51 27;WIEPRZ
94853;NOWA WIEŚ;22 44 33;51 26 58;WIEPRZ
93310;NOWA WIEŚ PODGÓRNA;17 36;52 09;WARTA
93453;NOWA WIEŚ WIELKA;18 06;52 58;NOTEĆ
93463;NOWA WIEŚ WIELKA II;18 05 00;52 58 45;NOTEĆ
96509;NOWE BYSTRE;19 55;49 20;DUNAJEC
96582;NOWE BYSTRE-SŁODYCZKI;19 55;49 19;DUNAJEC
93917;NOWE MASIEWO;23 °5 4';52 °5 0';NAREW
92520;NOWE MIASTO;19 36;53 26;DRWĘCA
91551;NOWE SADŁUKI;19 42 50;54 15 42;ZALEW WIŚLANY
92955;NOWINKA;23 39 12;53 17 58;SUPRAŚL
92130;NOWOGARD;15 07;53 40;DZIWNA
94123;NOWOGRODZIEC;15 24;51 12;KWISA
92709;NOWOGRÓD;21 52;53 14;NAREW
94154;NOWOGRÓD BOBRZAŃSKI;15 15;51 48;BÓBR
93915;NOWOSADY;23 37;52 48;LEŚNA
93923;NOWOSADY;23 53;52 58;NAREW
96850;NOWOSIELCE;22 04;49 34;WISŁOK
92912;NOWOSIÓŁKI;23 31;53 11;SUPRAŚL
92952;NOWOSIÓŁKI;23 32;53 10;SUPRAŚL
96817;NOWOTANIEC;22 02;49 30;WISŁOK
6510;NOWY DWÓR;19 10;49 39;SOŁA
93633;NOWY DWÓR MAZOWIECKI;20 43;52 26;NAREW
95211;NOWY GIERAŁTÓW;16 59;50 18;NYSA KŁODZKA
92418;NOWY JASINIEC;18 02;53 21;BRDA
92631;NOWY RAMUK;20 35;53 39;ŁYNA
91510;NOWY STAW;19 01;54 08;ŚWIĘTA
96653;NOWY WIŚNICZ;20 28;49 55;WISŁA
96719;NOWY ŻMIGRÓD;21 31;49 36;WISŁOKA
93906;NURZEC;23 05;52 28;NURZEC
95325;NYSA;17 21;50 29;NYSA KŁODZKA
91335;OBJAZDA;17 03;54 37;ŁUPAWA
95665;OBLĘGOREK;20 29 40;50 57 31;NIDA
95652;OBLĘGÓR;20 28;50 58;NIDA
94221;OBORNIKI ŚLĄSKIE;16 55;51 18;ODRA
93241;OBORNIKI WIELKOPOLSKIE;16 49;52 39;WARTA
93296;OBORNIKI WIELKOPOLSKIE II;16 °4 7';52 °3 9';WARTA
95817;OBSZA;22 58;50 19;TANEW
96419;OCHABY;18 46;49 51;WISŁA
96621;OCHOTNICA DOLNA;20 20;49 32;DUNAJEC
96620;OCHOTNICA GÓRNA;20 14;49 32;DUNAJEC
92437;OCYPEL;18 20;53 49;WDA
94327;ODOLANÓW;17 40;51 35;BARYCZ
94622;ODRZYWÓŁ;20 34;51 31;DRZEWICZKA
95515;OJCÓW;19 50;50 12;WISŁA
94127;OKMIANY;15 47;51 16;KACZAWA
92219;OKONEK;16 51;53 32;GWDA
95638;OKSA;20 06;50 44;NIDA
5506;OLEWIN;19 36 09;50 16 39;PRZEMSZA
93525;OLGANOWO;19 00;52 32;ZGŁOWIĄCZKA
93807;OLSZANKA;22 40;52 09;BUG
92650;OLSZEWKI;20 59;53 41;OMULEW
93951;OLSZYN;23 24;52 07;KRZNA
95353;OŁAWA;17 20;50 56;ODRA
95216;OŁDRZYCHOWICE KŁODZKIE;16 44 04;50 21 23;NYSA KŁODZKA
95554;OŁUDZA;19 45;50 34;PILICA
93527;OPATOWIEC;19 58;52 37;WISŁA
93551;OPIESIN;19 04 26;52 10 36;BZURA
94651;OPOCZNO;20 14;51 23;DRZEWICZKA
4706;OPOLE LUBELSKIE;21 56;51 08;WISŁA
94742;OPOLE LUBELSKIE;21 56 44;51 08 45;WISŁA
95495;ORZECH;18 55 29;50 25 25;
96757;ORZECHÓWKA;21 58;49 43;WISŁOK
95416;ORZESZE;18 46;50 08;ODRA
93911;ORZESZKOWO;23 33;52 41;LEŚNA
93702;ORZESZYN;21 05;52 02;WISŁA
92734;ORZYSZ;21 58;53 48;PISA
94234;OSETNO;16 28;51 38;BARYCZ
92427;OSIE;18 21;53 36;WDA
96574;OSIEK;19 16;49 57;SOŁA
96545;OSIELEC;19 45;49 41;SKAWA
92409;OSIELSKO;18 04;53 11;BRDA
93019;OSINÓW DOLNY;14 09;52 51;ODRA
94416;OSJAKÓW;18 47 05;51 17 01;WARTA
92822;OSOWIEC;22 39;53 29;BIEBRZA
94706;OSÓWKA;21 34;51 05;WISŁA
92253;OSÓWKO;16 04;53 54;PARSĘTA
92740;OSTROŁĘKA;21 33 49;53 05 01;NAREW
95281;OSTROSZOWICE;16 38;50 39;NYSA KŁODZKA
92128;OSTROWICE;15 58;53 38;DRAWA
95753;OSTROWIEC ŚWIĘTOKRZYSKI;21 26;50 56;KAMIENNA
92503;OSTROWITE;19 17;53 04;DRWĘCA
92519;OSTROWITE;19 17;53 25;OSA
3506;OSTROWY;19 10;52 18;OCHNIA
95723;OSTROWY TUSZOWSKIE;21 38;50 19;WISŁA
93759;OSTRÓW MAZOWIECKA;21 54;52 48;BUG
94329;OSTRÓW WIELKOPOLSKI;17 39;51 39;PROSNA
94321;OSTRZESZÓW;17 55 28;51 25 42;BARYCZ
94356;OSTRZESZÓW II;17 54 56;51 26 04;
93008;OŚNO LUBUSKIE;14 52;52 27;KANAŁ POSTOMSKI
95503;OŚWIĘCIM;19 12;50 03;SOŁA
5305;OTMUCHÓW;17 10;50 28;NYSA KŁODZKA
94548;OZORKÓW;19 19;51 58;BZURA
95324;PACZKÓW;17 01;50 29;NYSA KŁODZKA
95104;PACZYN;15 55;50 44;BÓBR
92634;PAJTUNY;20 42;53 43;WADĄG
93446;PAKOŚĆ;18 05;52 48;NOTEĆ
3204;PAPROĆ;16 11;52 18;OBRA
5106;PAPROTKI;15 57;50 44;BÓBR
91507;PASŁĘK;19 40;54 04;ELBLĄG
95222;PASTERKA;16 20;50 29;ŁABA
4150;PASTERZOWICE;15 34;51 36;BÓBR
96541;PEWEL MAŁA;19 18;49 40;SOŁA
96542;PEWEL WIELKA;19 23;49 40;SOŁA
94810;PIASKI;22 51;51 08;WIEPRZ
96514;PIEKŁO;19 00;49 31;SOŁA
95307;PIELGRZYMÓW;17 41;50 11;ODRA
91611;PIENIĘŻNO;20 08;54 14;PASŁĘKA
94126;PIEŃSK;15 03;51 15;NYSA ŁUŻYCKA
94917;PIESZOWOLA;23 10;51 30;BUG
92526;PIETRZWAŁD;19 55;53 35;DRWĘCA
94005;PIETRZYKÓW;14 59;51 41;NYSA ŁUŻYCKA
95850;PILASZKOWICE;22 50 37;50 59 19;WIEPRZ
93775;PILAWA;21 05 14;52 01 53;WISŁA
95133;PILCHOWICE;15 39;50 58;BÓBR
94603;PILCZYCA;20 06;51 02;PILICA
95543;PILICA;19 36 42;50 27 33;PILICA
93457;PILICH;18 19;52 30;NOTEĆ
96743;PILZNO;21 18;49 59;WISŁOKA
92257;PIŁAWA;16 °2 8';53 °3 7';PIŁAWA
95242;PIŁAWA GÓRNA;16 45;50 41;BYSTRZYCA
94721;PIONKI;21 26 15;51 28 18;WISŁA
94519;PIOTRKÓW TRYBUNALSKI;19 39;51 24;PILICA
93316;PIOTROWO;17 59;52 13;WARTA
92727;PISZ;21 48;53 38;PISA
6619;PIWNICZNA;20 42;49 26;DUNAJEC
95546;PIWOŃ;19 15;50 29;PRZEMSZA
93855;PLATERÓW;22 49 42;52 18 19;BUG
94551;PLUCICE;19 36;51 12;PILICA
94112;PŁAWNA;15 36;51 03;BÓBR
92335;PŁAZOWO;17 57;53 32;BRDA
92107;PŁOTNO;15 18;53 05;PŁONIA
92136;PŁOTY;15 16;53 48;REGA
5450;PŁUŻNICZKA;18 30;50 27;MAŁA PANEW
91706;PNIEWO;21 39;54 10;WĘGORAPA
93238;PNIEWY;16 15;52 30;KANAŁ MOSIŃSKI
95129;POBIEDNA;15 18;50 57;KWISA
93330;POBIEDZISKA;17 17;52 29;WARTA
93254;PODANIN;16 58;52 57;NOTEĆ
94442;PODDĘBICE;18 58;51 54;NER
92806;PODGÓRZE;22 08;53 07;NAREW
92024;PODGRODZIE;14 19 56;53 43 58;ZALEW SZCZECIŃSKI
95219;PODZAMEK;16 46;50 26;NYSA KŁODZKA
95322;POGÓRZE;17 41;50 28;ODRA
96808;POLANA;22 35;49 18;SAN
6525;POLANA CHOCHOŁOWSKA;19 47;49 14;BIAŁY DUNAJEC
95298;POLANICA-ZDRÓJ;16 31 06;50 25 31;NYSA KŁODZKA
92918;POLANKI;23 21;53 21;SUPRAŚL
95614;POLANOWICE;20 05;50 12;WISŁA
91207;POLANÓW;16 41;54 07;WIEPRZA
4202;POLKOWICE DOLNE;16 03;51 30;BÓBR
2201;POŁCZYN-ZDRÓJ;16 05;53 46;PARSĘTA
91903;POMORZE;23 22;54 04;NIEMEN
96565;PONIKIEW;19 28;49 50;SKAWA
92920;POPIOŁÓWKA;23 07;53 24;BIEBRZA
92132;PORADZ;15 36;53 42;REGA
95562;PORAJ;19 13;50 41;WARTA
96564;PORĄBKA;19 13;49 49;SOŁA
95663;POSZYNA (KŁAJ);20 22;50 03;WISŁA
3602;POŚWIĘTNE;20 23;52 38;WKRA
95915;POTURZYN;23 56;50 34;BUG
93325;POWIDZ;17 55;52 25;WARTA
92228;POWOJEWO;16 55;53 47;GWDA
92116;POŹRZADŁO WIELKIE;15 55;53 23;DRAWA
96630;PÓŁRZECZKI;20 12;49 39;DUNAJEC
2503;PRABUTY;19 13;53 44;NOGAT
92657;PREJŁOWO;20 43 33;53 44 40;WADĄG
92829;PROSTKI;22 26;53 42;EŁK
95332;PRÓSZKÓW;17 53;50 36;ODRA
96839;PRUCHNIK;22 31;49 54;WISŁOK
5307;PRUDNIK;17 34;50 19;ODRA
95360;PRUDNIK;17 34 28;50 18 09;PRUDNIK
95606;PRUSY;20 05;50 07;WISŁA
93662;PRUSZKÓW;20 46 10;52 10 57;BZURA
93337;PRZEBĘDOWO;17 01;52 35;WARTA
94506;PRZEDBÓRZ;19 53;51 05;PILICA
93659;PRZEDWOJEWO;20 39 32;52 55 14;WKRA
94835;PRZEGALINY DUŻE;22 53;51 50;TYŚMIENICA
94133;PRZEJĘSŁAW;15 25;51 22;KWISA
2102;PRZELEWICE;15 05;53 06;PŁONIA
91851;PRZEŁOMKA;22 47;54 16;CZARNA HAŃCZA
91704;PRZERWANKI;21 55;54 08;WĘGORAPA
95110;PRZESIEKA;15 41;50 47;BÓBR
95917;PRZEWALE;23 37;50 37;HUCZWA
95337;PRZEWORNO;17 10 06;50 41 12;OŁAWA
96740;PSTRĄGOWA;21 46;49 56;WISŁOK
94808;PSZCZELA WOLA;22 31;51 07;BYSTRZYCA
5409;PSZCZYNA;18 55;50 00;WISŁA
5250;PSZENNO;16 33;50 51;BYSTRZYCA
92715;PTAKI;21 48;53 24;PISA
92752;PTAKI;21 48;53 24;PISA
4705;PUŁAWY;21 58;51 25;WISŁA
96751;PUŁAWY DOLNE;21 55;49 30;WISŁOK
96664;RABA NIŻNA;20 04;49 39;RABA
96527;RABA WYŻNA;19 53;49 34;RABA
96810;RABE;22 40;49 22;STRWIĄŻ
6512;RABKA;19 58;49 37;RABA
93643;RACIĄŻ;20 08;52 47;WKRA
92724;RACIBÓR;21 16;53 36;NAREW
95361;RACŁAWICE ŚLĄSKIE;17 46 39;50 18 30;OSOBŁOGA
92844;RACZKI;22 47;53 59;NETTA
95807;RADAWA;22 46;50 08;LUBACZÓWKA
4708;RADOM;21 07;51 25;RADOMKA
94252;RADOMICKO;16 32;51 57;OBRZYCA
94505;RADOMSKO;19 26;51 05;WARTA
95715;RADOMYŚL WIELKI;21 18;50 12;WISŁA
2401;RADOSTOWO;18 45;53 59;WISŁA
95616;RADZIEMICE;20 15;50 15;WISŁA
92819;RADZIŁÓW;22 24;53 25;BIEBRZA
96573;RADZISZÓW;19 49;49 56;WISŁA
4801;RADZYŃ PODLASKI;22 36;51 46;TYŚMIENICA
94898;RADZYŃ PODLASKI;22 36 01;51 46 11;TYŚMIENICA
92421;RADZYŃ-FIJEWO;18 56;53 24;OSA
96515;RAJCZA;19 07;49 31;SOŁA
95740;RAKÓW;21 03;50 41;CZARNA
92840;RANTY;22 03;53 56;EŁK
95461;RASZOWA;18 08;50 36;MAŁA PANEW
96590;RATUŁÓW;19 53;49 24;DUNAJEC
210;RESKO-SMÓLSKO;15 24 53;53 46 18;REGA
91425;RĘBISKA;18 20;54 27;MARTWA WISŁA
95130;RĘBISZÓW;15 27;50 57;KWISA
91530;ROGITY;19 51 41;54 23 21;PASŁĘKA
93345;ROGOŹNO;17 00;52 45;WEŁNA
95327;ROGÓW OPOLSKI;17 57;50 31;ODRA
94533;ROKICINY;19 47;51 40;PILICA
92508;ROKITNICA;19 32;53 10;DRWĘCA
95440;ROKITNICA;18 47 54;50 21 20;KŁODNICA
93154;ROKITNO;15 38 26;52 33 01;WARTA
95706;ROPCZYCE;21 36;50 04;WISŁOKA
94406;ROSZKOWICE;18 16;51 07;PROSNA
95246;ROŚCISZÓW;16 31;50 43;BYSTRZYCA
96645;ROZDZIELE;20 27;49 48;RABA
92719;ROZOGI;21 22;53 29;NAREW
96543;ROZTOKI;19 30;49 41;SKAWA
96801;ROZTOKI GÓRNE;22 19;49 09;SAN
92336;ROZWORY;17 06;53 33;GWDA
6604;ROŻNÓW;20 41;49 46;DUNAJEC
94403;ROŻNÓW;18 08;51 03;STOBRAWA
92615;RÓG;20 46;53 20;ORZYC
92355;RÓŻKI-DĘBIE;17 09;53 54;BRDA
95851;RUDA ŁAŃCUCKA;22 20;50 21;SAN
94911;RUDA OPALIN;23 36;51 16;BUG
95905;RUDA RÓŻANIECKA;23 11;50 19;TANEW
94228;RUDNA;16 16;51 31;ODRA
95824;RUDNIK;22 15;50 26;SAN
96420;RUDZICA;18 53;49 51;WISŁA
92530;RUDZIENICE;19 40;53 38;DRWĘCA
92656;RUKŁAWKI;20 54 42;53 51 58;WADĄG
92426;RULEWO;18 37;53 33;WISŁA
92637;RUMY;20 56;53 46;OMULEW
94652;RUSINÓW;20 41;51 17;RADOMKA
94659;RUSZKOWICE;20 °3 9';51 °2 0';RADOMKA
5408;RYBNIK;18 33;50 06;ODRA
95493;RYBNIK;18 32;50 06;ODRA
96826;RYBOTYCZE;22 39;49 39;SAN
96511;RYCERKA GÓRNA;19 01;49 25;SOŁA
94308;RYCHTAL;17 51;51 09;WIDAWA
95541;RYCZÓW;19 36;50 25;PRZEMSZA
93249;RYCZYWÓŁ;16 50;52 49;WEŁNA
95409;RYDUŁTOWY;18 26;50 04;ODRA
95647;RYKOSZYN;20 24;50 52;NIDA
92738;RYN;21 32;53 56;PISA
94507;RZEJOWICE;19 42;51 06;PILICA
94658;RZUCÓW;20 44;51 18;RADOMKA
94633;SADKOWICE;20 31;51 44;PILICA
95745;SADKÓW;21 05;50 44;CZARNA
93753;SADOWNE;21 51;52 38;BUG
96852;SAKOWCZYK;22 27;49 19;SAN
92305;SAMOKLĘSKI;17 42;53 05;NOTEĆ
94013;SANICE;14 58 33;51 24 25;NYSA ŁUŻYCKA
94751;SARNÓWEK DUŻY;21 26 39;51 01 02;KAMIENNA
95819;SARZYNA;22 20;50 21;SAN
91703;SĄTOPY-SAMULEWO;21 03;54 04;GUBER
91904;SEJNY;23 21;54 06;CZARNA HAŃCZA
94453;SEMPÓŁKI;18 49 01;51 56 39;WARTA
93745;SEROCK;21 04;52 31;NAREW
93769;SEROCZYN;21 55;52 01;ŚWIDER
95633;SĘDZISZÓW;20 03;50 34;NIDA
92234;SĘPOLNO WIELKIE;16 47;53 57;RADEW
92641;SĘTAL;20 29;53 55;ŁYNA
91850;SIDORY;22 55;54 16;SZESZUPA
96534;SIDZINA;19 44;49 37;SKAWA
95455;SIEDLEC;18 07;50 31;MAŁA PANEW
91701;SIEDLISKA;21 55;54 00;PISA
94119;SIEKIERCZYN;15 11 26;51 06 21;KWISA
95656;SIEKIERNO;20 56;50 59;KAMIENNA
5605;SIELEC;20 25;50 19;WISŁA
94330;SIELEC STARY;17 09;51 39;BARYCZ
94409;SIEMIANICE;18 09;51 11;PROSNA
95585;SIEMIANOWICE ŚLĄSKIE;19 01 23;50 19 31;PRZEMSZA
93818;SIEMIATYCZE;22 52;52 26;BUG
94410;SIEMKOWICE;18 57;51 13;WARTA
6517;SIENIAWA;19 55;49 32;RABA
95001;SIENIAWKA;14 49 46;50 53 15;NYSA ŁUŻYCKA
93708;SIENNICA;21 37;52 05;ŚWIDER
96571;SIEPRAW;19 58;49 55;WISŁA
4401;SIERADZ;18 42;51 36;WARTA
4404;SIERADZ-DZIGORZEW;18 42 17;51 37 27;WARTA
91211;SIERAKOWO;16 31;54 13;WIEPRZA
92053;SIERAKOWO;14 30 12;53 30 16;ODRA
95476;SIERAKÓW;18 35;50 48;LISWARTA
92425;SIEROSŁAW;18 18;53 33;WDA
93540;SIERPC;19 41;52 52;SKRWA
92222;SILNOWO;16 30;53 38;PIŁAWA
93768;SINOŁĘKA;21 55;52 13;LIWIEC
94336;SKAŁÓW;17 23;51 48;ORLA
94715;SKARYSZEW;21 15;51 19;IŁŻANKA
94655;SKARŻYSKO KAMIENNA;20 53;51 08;KAMIENNA
93539;SKĘPE (WYMYŚLIN);19 °2 1';52 °5 2';WISŁA
95928;SKIERBIESZÓW;23 22;50 51;WIEPRZ
4601;SKIERNIEWICE;20 10;51 58;BZURA
96416;SKOCZÓW;18 47 42;49 47 56;WISŁA
93343;SKOKI;17 09;52 40;WEŁNA
94456;SKOMLIN;18 22 24;51 10 16;PROSNA
94511;SKOTNIKI;19 56;51 12;PILICA
94854;SKOWIESZYNEK;22 01;51 19;WISŁA
5602;SKRONIÓW;20 16;50 38;NIDA
92502;SKRWILNO;19 38;53 01;SKRWA
95615;SKRZESZOWICE;20 09;50 12;WISŁA
95909;SKWARKI;23 14;50 25;TANEW
93131;SKWIERZYNA;15 29 11;52 35 21;OBRA
93153;SKWIERZYNA;15 30 26;52 36 10;WARTA
94924;SŁAWATYCZE;23 32;51 46;BUG
92616;SŁAWKOWO;20 10;53 22;WKRA
91219;SŁAWNO;16 40;54 21;WIEPRZA
92140;SŁAWOBORZE;15 42 07;53 53 73;PARSĘTA
93353;SŁĘBOWO;17 36;52 51;NOTEĆ
93369;SŁĘBOWO II;17 36;52 50;NOTEĆ
91512;SŁOBITY;19 45;54 08;ZALEW WIŚLANY
92235;SŁOSINKO;16 59;53 57;WIEPRZA
5254;SŁOSZÓW;16 22 47;50 24 36;NYSA KŁODZKA
94653;SŁOWIKÓW;20 53;51 28;RADOMKA
91358;SŁUCHOWO;17 57 51;54 46 44;PRZYMORZE
3304;SŁUPCA;17 52;52 17;WARTA
1303;SŁUPSK;17 00;54 28;SŁUPIA
1350;SŁUPSK;17 06;54 29;SŁUPIA
91356;SŁUPSK;17 02 04;54 27 47;SŁUPIA
91253;SŁUPSK II;16 59 52;54 28 15;SŁUPIA
96513;SMEREKÓW MAŁY;19 03;49 27;SOŁA
91907;SMOLANY;23 12;54 11;CZARNA HAŃCZA
91340;SMOŁDZINO;17 13;54 40;ŁUPAWA
92365;SMUKAŁA;17 57 57;53 11 30;BRDA
95651;SNOCHOWICE;20 20;50 57;NIDA
93444;SOBIESIERNIE;18 27;52 45;NOTEĆ
94856;SOBIESZYN;22 09 03;51 36 29;WIEPRZ
96595;SOBLÓWKA;19 08 44;49 27 24;SOŁA
94002;SOBOLICE;14 59;51 23;NYSA ŁUŻYCKA
94335;SOBÓTKA;17 52;51 47;PROSNA
95265;SOBÓTKA;16 45;50 54;BYSTRZYCA
94354;SOBÓTKA II;17 51 31;51 47 03;PROSNA
93618;SOCHACZEW;20 15;52 14;BZURA
92953;SOCHONIE;23 10;53 13;
94313;SOKOŁOWICE;17 27;51 14;WIDAWA
94111;SOKOŁOWIEC;15 50;51 02;KACZAWA
92921;SOKÓŁKA;23 30;53 24;SUPRAŚL
94708;SOLEC NAD WISLĄ;21 45;51 08;WISŁA
93740;SOŁKI;21 43;52 21;LIWIEC
91305;SOMINY;17 39;54 02;BRDA
93425;SOMPOLNO;18 31;52 23;NOTEĆ
96522;SOPOTNIA WIELKA;19 17;49 34;SOŁA
95524;SOSNOWIEC;19 06;50 17;PRZEMSZA
95587;SOSNOWIEC-JULIUSZ;19 13 08;50 15 55;PRZEMSZA
92853;SOSNOWO;22 55 32;53 42 01;NETTA
95428;SOŚNICOWICE;18 33;50 16;ODRA
95280;SPALONA;16 33;50 17;NYSA KŁODZKA
94624;SPAŁA;20 08;51 32;PILICA
96583;SPYTKOWICE GÓRNE;19 45 42;49 33 52;SKAWA
95229;SREBRNA GÓRA;16 40;50 35;NYSA KŁODZKA
95288;SREBRNA GÓRA II;16 40 06;50 34 51;NYSA KŁODZKA
95829;STALOWA WOLA;22 02;50 36;SAN
95423;STANICE;18 31;50 12;ODRA
93734;STANISŁAWÓW;21 33;52 17;NAREW
94206;STANISŁAWÓW;16 01;51 04;KACZAWA
94168;STANKOWICE;15 18 49;51 01 00;KWISA
95415;STANOWICE;18 40;50 08;ODRA
94654;STANOWISKA;20 22;51 03;PILICA
95729;STANY;21 58;50 26;WISŁA
6515;STAŃCOWA;19 33;49 32;CZARNA ORAWA
96598;STAŃCOWA;19 32 27;49 32 40;CZARNA ORAWA
95124;STARA KAMIENICA;15 34;50 55;BÓBR
95431;STARA KUŹNIA;18 21;50 18;ODRA
94705;STARACHOWICE;21 03 12;51 02 29;KAMIENNA
94242;STARE DRZEWCE;16 13;51 46;ODRA
92620;STARE MIASTO;20 00;53 28;DRWĘCA
5401;STARE OLESNO;18 °2 2';50 °5 4';STOBRAWA
95344;STARE SIOŁKOWICE;17 46;50 48;STOBRAWA
94246;STARE STRĄCZE;16 10;51 51;OBRZYCA
92114;STARGARD SZCZECIŃSKI;15 03;53 20;INA
92143;STARNIN;15 28;53 58;REGA
92444;STAROGARD GDAŃSKI;18 32;53 57;WIERZYCA
93460;STARY BRZEŚĆ;18 54 49;52 37 00;ZGŁOWIĄCZKA
95812;STARY DZIKÓW;22 56;50 15;LUBACZÓWKA
91902;STARY FOLWARK;23 04;54 04;CZARNA HAŃCZA
92632;STAWIGUDA;20 25;53 40;PASŁĘKA
92817;STAWISKI;22 10;53 24;PISA
91521;STEGNA;19 07;54 20;SZKARPAWA
92022;STEPNICA;14 38;53 39;ZALEW SZCZECIŃSKI
93223;STĘSZEW;16 42;52 17;KANAŁ MOSIŃSKI
95626;STOPNICA;20 56;50 27;CZARNA
93919;STRABLA;23 06;52 54;NAREW
96561;STRACONKA;19 07;49 48;WISŁA
92538;STRASZEWO;19 02;53 50;NOGAT
94140;STRASZÓW;14 59 32;51 31 08;BÓBR
95210;STRONIE ŚLĄSKIE;16 53;50 17;NYSA KŁODZKA
96562;STRÓŻA;19 56;49 48;RABA
94224;STRUPINA;16 49 08;51 23 05;BARYCZ
91502;STRUŻYNA;19 57;54 00;PASŁĘKA
95271;STRZEGOM;16 21;50 58;BYSTRZYCA
93651;STRZEGOWO;20 17;52 54;WKRA
93516;STRZELCE;19 24;52 19;BZURA
93139;STRZELCE KRAJEŃSKIE;15 32;52 52;NOTEĆ
95453;STRZELCE OPOLSKIE;18 19;50 30;MAŁA PANEW
95341;STRZELIN;17 03 58;50 47 32;OŁAWA
4502;STRZELNA;19 54;51 49;MROGA
93438;STRZELNO;18 10;52 38;NOTEĆ
95629;STRZESZKOWICE;20 18;50 32;NIDA
95927;STRZYŻÓW;24 02;50 51;BUG
92646;STUDNICA;20 39;53 59;ŁYNA
95489;STUDZIENICE;18 59;50 01;WISŁA
94149;STYPUŁÓW;15 33;51 42;BÓBR
92933;SUCHA RZECZKA;23 12;53 53;CZARNA HAŃCZA
92113;SUCHAŃ;15 19;53 17;INA
94604;SUCHEDNIÓW;20 50;51 02;KAMIENNA
95735;SUCHOWOLA;21 23;50 32;WISŁA
5407;SUKOWICE;18 10;50 16;ODRA
93105;SULECHÓW;15 37;52 06;ODRA
93730;SULEJÓWEK;21 18;52 15;WISŁA
92115;SULIBOREK;15 33;53 18;INA
94114;SULIKÓW;15 04;51 05;NYSA ŁUŻYCKA
94510;SULMIERZYCE;19 13;51 12;WIDAWKA
94323;SUŁÓW;17 10;51 30;BARYCZ
92913;SUPRAŚL;23 20;53 13;SUPRAŚL
93838;SURAŻ;22 57;52 57;NAREW
94316;SYCÓW;17 44;51 19;BARYCZ
92216;SYPNIEWO;16 37;53 28;GWDA
92322;SYPNIEWO;17 20;53 22;NOTEĆ
94432;SZADEK;18 59;51 42;WARTA
96612;SZAFLARY;20 02;49 25;DUNAJEC
95286;SZALEJÓW GÓRNY;16 33 09;50 25 50;NYSA KŁODZKA
92301;SZAMOCIN;17 07;53 02;NOTEĆ
3203;SZAMOTUŁY-BABORÓWKO;16 38;52 35;WARTA
95661;SZANIEC;20 42;50 32;NIDA
96812;SZCZAWNE;22 09;49 24;SAN
6620;SZCZAWNICA;20 30;49 26;BIAŁY DUNAJEC
5203;SZCZAWNO-ZDRÓJ;16 14;50 48;STRZEGOMKA
92052;SZCZECIN-PODJUCHY;14 35 35;53 22 10;ODRA WSCHODNIA
92054;SZCZECIN-POGODNO;14 32 13;53 27 26;ODRA
94855;SZCZEKARKÓW;22 38 25;51 29 53;WIEPRZ
5502;SZCZEKOCINY;19 48;50 38;PILICA
95618;SZCZEPANOWICE;20 02;50 18;WISŁA
92613;SZCZEPKOWO BOROWE;20 35;53 18;ORZYC
94516;SZCZERCÓW;19 07;51 20;WIDAWKA
95722;SZCZUCIN;21 04;50 19;WISŁA
91619;SZCZURKOWO;20 54 10;54 21 19;ŁYNA
96547;SZCZYRK;18 59 57;49 42 02;SOŁA
93344;SZELEJEWO;17 45;52 44;NOTEĆ
94340;SZELEJEWO;17 10;51 52;KANAŁ MOSIŃSKI
3801;SZEPIETOWO;22 33;52 51;NURZEC
92725;SZEROKI BÓR;21 39;53 37;PISA
96732;SZERZYNY;21 15;49 49;WISŁOKA
5103;SZKLARSKA PORĘBA;15 32;50 50;BÓBR
91511;SZOPY;19 20;54 08;ELBLĄG
94250;SZRENIAWA;16 03;51 56;OBRZYCA
92624;SZUĆ;20 44;53 31;OMULEW
92916;SZUDZIAŁOWO;23 39;53 18;SUPRAŚL
95477;SZUMIRAD;18 15;50 50;STOBRAWA
95335;SZYDŁOWIEC ŚLĄSKI;17 37;50 41;NYSA KŁODZKA
95331;SZYDŁÓW;17 44;50 36;NYSA KŁODZKA
95737;SZYDŁÓW;21 00 09;50 35 32;CZARNA
96721;SZYMBARK;21 05;49 37;WISŁOKA
92737;SZYMONKA;21 40;53 53;PISA
96556;SZYNDZIELNIA;19 00;49 46;WISŁA
95310;ŚCIBORZYCE MAŁE;17 47;50 16;ODRA
94226;ŚCINAWA;16 25;51 25;ODRA
96550;ŚLEMIEŃ;19 22;49 43;SOŁA
93756;ŚLEPIOTY;21 35;52 41;BUG
2402;ŚLIWICE;18 11;53 42;WDA
96526;ŚMIETANOWA;19 35;49 34;CZARNA ORAWA
93305;ŚREM;17 02 15;52 04 51;WARTA
93307;ŚREM;17 01;52 06;WARTA
93771;ŚWIDER;21 14 14;52 06 57;ŚWIDER
96638;ŚWIDNIK;20 38;49 43;DUNAJEC
92420;ŚWIECIE;18 27;53 24;WDA
94102;ŚWIECIE;15 16 44;51 00 13;KWISA
5151;ŚWIERADÓW ZDRÓJ;15 19 32;50 54 22;KWISA
5101;ŚWIERADÓW-ZDRÓJ;15 20;50 54;KWISA
95285;ŚWIERKI;16 25 10;50 37 31;NYSA KŁODZKA
5404;ŚWIERKLANIEC;18 57;50 26;PRZEMSZA
94105;ŚWIERZAWA;15 54;51 01;KACZAWA
95571;ŚWIĘTA ANNA;19 32;50 49;WARTA
2705;ŚWIĘTAJNO;21 13 40;53 33 48;
93202;ŚWIĘTNO;16 03 01;52 00 22;OBRA
95442;TACISZÓW;18 32;50 23;KŁODNICA
94211;TACZALIN;16 18;51 09;KACZAWA
94701;TARŁÓW;21 43;51 00;KAMIENNA
95910;TARNOSZYN;23 48;50 25;BUG
94243;TARNOWA ŁĄKA;16 37;51 46;BARYCZ
94632;TĄKIELE;20 49;51 43;PILICA
96811;TELEŚNICA OSZWAROWA;22 32;49 23;SAN
96829;TEMESZÓW;22 13;49 42;SAN
94661;TEOFILÓW;20 10 58;51 31 41;PILICA
6812;TERKA;22 26;49 18;SAN
91426;TĘPCZ;18 02;54 30;ŁEBA
92453;TLEŃ;18 15 37;53 36 39;PRUSINA
91520;TOLKMICKO;19 32;54 19;ZALEW WIŚLANY
4104;TOMASZÓW BOLESŁAWIECKI;15 41;51 17;BÓBR
92506;TOMKOWO;19 13;53 09;DRWĘCA
93852;TONKIELE;22 34;52 25;BUG
3508;TOPOLA-BŁONIE;19 11;52 05;NER
95450;TOSZEK;18 31;50 28;KŁODNICA
94352;TRĄBINEK;17 05 41;51 59 45;
91409;TRĄBKI WIELKIE;18 32;54 10;MARTWA WISŁA
93371;TROJANOWO;17 01 01;52 35 58;WARTA
92201;TRZCIANKA;16 28;53 02;NOTEĆ
91101;TRZEBIATÓW;15 16;54 04;REGA
94004;TRZEBIEL;14 49;51 38;NYSA ŁUŻYCKA
92051;TRZEBIEŻ;14 32;53 40;ZALEW SZCZECIŃSKI
94314;TRZEBNICA;17 04;51 18;BARYCZ
94339;TRZEBOWA;17 40;51 49;WARTA
93336;TRZEMESZNO;17 49;52 34;NOTEĆ
96663;TRZEMEŚNIA;20 01;49 48;RABA
93950;TRZEŚCIANKA;23 26;52 57;NAREW
95529;TRZYCIĄŻ;19 47;50 19;WISŁA
93242;TUCHOLA;16 09;52 40;WARTA
92338;TUCHÓŁKA;17 45;53 34;BRDA
96738;TUCHÓW;21 03;49 54;DUNAJEC
94919;TUCZNA;23 25;51 53;KRZNA
92207;TUCZNO;16 08 53;53 11 42;DRAWA
93143;TUCZNO;15 29 39;52 58 29;DRAWA
92258;TUCZNO TRZECIE;16 09 53;53 12 47;DRAWA
93404;TULISZKÓW;18 18;52 05;WARTA
95470;TURAWA;18 06;50 44;MAŁA PANEW
93401;TUREK;18 30;52 01;WARTA
93208;TUREW;16 49 47;52 03 26;KANAŁ MOSIŃSKI
95302;TURKÓW;17 52;50 01;OPAWA
95842;TUROBIN;22 45;50 49;WIEPRZ
92721;TUROŚL;21 36;53 31;PISA
92722;TUROWO;21 54;53 32;PISA
92011;TURZE;14 53;53 12;PŁONIA
94116;TWARDOCICE;15 45;51 06;KACZAWA
95457;TWORÓG;18 43;50 32;MAŁA PANEW
95492;TWORÓG MAŁY;18 28;50 15;ODRA
95417;TYCHY;18 59;50 08;WISŁA
96848;TYCZYN;22 02;49 58;WISŁOK
92810;TYKOCIN;22 47;53 12;NAREW
96710;TYLAWA;21 42;49 28;WISŁOKA
96703;TYLICZ;21 01;49 24;POPRAD
92756;TYSZKI-WĄDOŁOWO;21 59 03;53 26 52;PISA
91311;UGOSZCZ;17 32;54 08;SŁUPIA
94952;UHNIN;23 04 05;51 34 16;TYŚMIENICA
94328;UJAZD;17 26;51 38;CZARNA WODA
95509;UJAZD;19 49;50 08;WISŁA
95441;UJAZD ŚLĄSKI;18 21;50 23;KŁODNICA
91320;ULISZKOWICE;17 07;54 17;WIEPRZA
94446;UNIEJÓW;18 48;51 58;WARTA
95235;UNIEMYŚL;16 03;50 38;ŁABA
94735;UNIN KOLONIA;21 41;51 54;WISŁA
92411;UNISŁAW;18 25;53 12;WISŁA
95245;UNISŁAW ŚLĄSKI;16 15;50 49;NYSA KŁODZKA
95287;UNISŁAW ŚLĄSKI II;16 13 57;50 42 39;NYSA KŁODZKA
95430;URBANOWICE;18 02;50 18;ODRA
96411;USTROŃ-RÓWNICA-SCHRONISKO;18 51 08;49 42 56;WISŁA
96410;USTROŃ-RÓWNICA-WIEŚ;18 51;49 43;WISŁA
96654;USZEW;20 37;49 55;WISŁA
95608;UŚCIE SOLNE;20 32;50 07;WISŁA
92450;UŚNICE;18 55;53 57;NOGAT
92712;WACH;21 23;53 18;NAREW
96569;WADOWICE;19 30 46;49 52 36;SKAWA
96616;WAKSMUND;20 05;49 29;DUNAJEC
93506;WALEWICE;19 41;52 06;BZURA
95244;WALIM;16 27;50 42;BYSTRZYCA
95255;WAŁBRZYCH;16 19;50 46;BYSTRZYCA
95277;WAŁBRZYCH II;16 18;50 44;BYSTRZYCA
92209;WAŁCZ;16 28;53 17;PIŁAWA
92619;WAŁY;20 38;53 26;ORZYC
93511;WAŁY;19 24;52 11;BZURA
93427;WANDOWO;18 18;52 26;NOTEĆ
96415;WAPIENICA;18 58 24;49 46 25;WISŁA
92622;WAPLEWO;20 19;53 30;ŁYNA
93020;WARNICE;14 41;52 51;MYŚLA
92032;WARNOWO;14 34;53 57;DZIWNA
93711;WARSZAWA KABATY;21 04;52 08;WISŁA
93663;WARSZAWA-CZAJKA;20 57 41;52 21 03;WISŁA
93774;WARSZAWA-CZERNIAKOWSKA;21 02 49;52 12 57;WISŁA
93732;WARSZAWA-KAWĘCZYN;21 08;52 16;NAREW
3704;WARSZAWA-OBSERWATORIUM;21 02;52 13;WISŁA
96432;WARSZOWICE;18 42;49 59;WISŁA
94433;WARTA;18 38;51 43;WARTA
94454;WARTA II;18 36 35;51 42 56;
92416;WĄBRZEŹNO;18 57;53 17;OSA
93762;WĄSEWO;21 40;52 52;NAREW
95583;WĄSOSZ;19 41 09;50 44 15;PILICA
94503;WĄSOSZ GÓRNY;19 00;51 04;WARTA
91429;WEJHEROWO;18 14;54 36;PRZYMORZE
93904;WERCHLIŚ;23 17;52 11;BUG
96802;WETLINA;22 28;49 09;SAN
94128;WĘGLINIEC;15 12;51 17;BÓBR
96641;WĘGLÓWKA;20 04 28;49 45 01;RABA
91709;WĘGORZEWO;21 46;54 13;WĘGORAPA
95345;WIĄZÓW;17 12;50 49;OŁAWA
91601;WICHROWO;20 25;54 02;ŁYNA
94422;WIDAWA;18 57;51 26;WIDAWKA
92006;WIDUCHOWA;14 24;53 07;ODRA
92231;WIELANOWO;16 19;53 52;PARSĘTA
92618;WIELBARK;20 57;53 24;OMULEW
92315;WIELE;17 33;53 17;NOTEĆ
93703;WIELGOLAS;21 44;52 02;ŚWIDER
3206;WIELICHOWO;16 21;52 07;OBRA
5609;WIELICZKA;20 03;50 00;WISŁA
94607;WIELKA WIEŚ;20 59;51 05;KAMIENNA
95901;WIELKIE OCZY;23 10;50 02;SAN
94235;WIERZA (WIEWIERZ);16 43;51 38;ORLA
92552;WIERZBICA;19 59;53 29;DRWĘCA
95319;WIERZBIĘCICE;17 26;50 25;NYSA KŁODZKA
93839;WIERZBOWO;22 20;52 59;NAREW
93050;WIERZCHLAS;14 30;52 50;ODRA
2202;WIERZCHOWO;16 07;53 28;DRAWA
91436;WIERZCHUCINO;18 00;54 47;PRZYMORZE
96631;WIERZCHY;20 28;49 39;DUNAJEC
95494;WIESZOWA;18 46 27;50 22 52;KŁODNICA
92123;WIEWIECKO;15 39;53 32;REGA
93449;WIĘCŁAWICE;18 19;52 51;WISŁA
94542;WILANÓW;19 32;51 49;BZURA
94734;WILGA;21 23;51 51;WISŁA
91751;WILKOWO;21 19;54 01;GUBER
93365;WINNA GÓRA;17 27;52 12;WARTA
93641;WINNICA;20 57;52 39;NAREW
6404;WISŁA;18 52;49 39;WISŁA
96428;WISŁA WIELKA;18 51;49 57;WISŁA
96407;WISŁA-GŁĘBCE;18 53;49 38;WISŁA
96454;WISŁA-JAWORNIK;18 49 49;49 39 35;
96408;WISŁA-MALINKA;18 58 06;49 38 43;WISŁA
96405;WISŁA-STOŻEK;18 50;49 36;WISŁA
96752;WISŁOCZEK;21 52;49 30;WISŁOK
96705;WISŁOK WIELKI;21 59 57;49 22 44;WISŁOK
94925;WISZNICE;23 12;51 47;KRZNA
95621;WIŚLICA;20 41;50 21;NIDA
93758;WIŚNIEWO;21 42;52 45;NAREW
4301;WITASZYCE;17 33;51 57;WARTA
93013;WITNICA;14 54;52 40;WARTA
92142;WITNO;15 04;53 57;DZIWNA
92313;WITOSŁAW;17 29;53 15;NOTEĆ
95334;WITOSTOWICE;17 03;50 41;OŁAWA
96594;WITÓW;19 50;49 20;DUNAJEC
92809;WIZNA;22 24;53 12;NAREW
93407;WŁADYSŁAWÓW;18 29;52 06;WARTA
94657;WŁOCHÓW;20 36 36;51 05 54;PILICA
94303;WŁOCHY;17 55;51 04;STOBRAWA
93530;WŁOCŁAWEK;19 05;52 40;WISŁA
95628;WODZISŁAW;20 12;50 31;NIDA
95136;WOJCIESZÓW;15 55;50 59;KACZAWA
96701;WOJKOWA;21 00;49 20;POPRAD
95586;WOJKOWICE;19 03 27;50 22 17;PRZEMSZA
96655;WOJNICZ;20 50;49 57;DUNAJEC
95305;WOJNOWICE;17 °5 3';50 °0 7';ODRA
95931;WOJSŁAWICE;23 34;50 55;WIEPRZ
96730;WOLA KOMBORSKA;21 54;49 44;WISŁOK
4351;WOLA KSIĄŻĘCA;17 35 21;53 57 41;WARTA
94850;WOLA OKRZEJSKA;22 09;51 44;TYŚMIENICA
95720;WOLA WADOWSKA;21 13;50 16;WISŁA
95536;WOLBROM;19 45;50 23;PRZEMSZA
92028;WOLIN;14 36;53 50;DZIWNA
91404;WOLNY DWÓR;18 26;54 05;WIERZYCA
93212;WOLSZTYN;16 07;52 07;OBRA
93739;WOŁOMIN;21 14;52 21;NAREW
96855;WOŁOSATE;22 41 10;49 03 51;SAN
94223;WOŁÓW;16 39;51 20;ODRA
94631;WÓLKA JAGIELCZYŃSKA;20 11;51 41;RAWKA
93803;WÓLKA KAMIENNA;22 31;52 04;KRZNA
95925;WÓLKA NIELISKA;23 06;50 48;WIEPRZ
94304;WROCŁAW-BISKUPIN;17 06;51 06;ODRA
94305;WROCŁAW-OGRÓD BOTANICZNY;17 03;51 07;ODRA
94213;WROCŁAW-STABŁOWICE;16 53;51 10;BYSTRZYCA
94255;WROCŁAW-STRACHOWICE;16 52 54;51 06 49;ODRA
93243;WRONKI;16 23;52 42;WARTA
93320;WRZEŚNIA;17 36;52 19;WARTA
93820;WRZOSKI;22 07;52 29;LIWIEC
91001;WRZOSOWO;14 49;54 01;DZIWNA
92363;WYCZECHY;17 02;53 41;GWDA
94231;WYDAWY;16 57;51 34;ORLA
95657;WYMYSŁÓW;20 06;50 50;PILICA
92309;WYRZYSK;17 16;53 09;NOTEĆ
92312;WYSOKA;17 05;53 11;GWDA
96632;WYSOKIE;20 34;49 39;DUNAJEC
6707;WYSOWA;21 11;49 26;WISŁOKA
93751;WYSZKÓW;21 27;52 35;BUG
95131;WYSZKÓW;14 59 34;50 58 03;NYSA ŁUŻYCKA
96753;WYSZOWADKA;21 25;49 27;WISŁOKA
92903;ZABŁUDÓW;23 20;53 01;NAREW
6402;ZABORZE;18 48;49 52;WISŁA
93905;ZABUŻE;23 03;52 19;BUG
94951;ZAGRODA;23 24;51 05;WIEPRZ
94125;ZAGRODNO;15 52;51 12;KACZAWA
95839;ZAKLIKÓW;22 06;50 45;WISŁA
95841;ZAKŁODZIE;22 51 38;50 45 27;WIEPRZ
93632;ZAKROCZYM;20 36 12;52 25 48;WISŁA
95849;ZAKRZÓWEK;22 23;50 57;BYSTRZYCA
93362;ZALESIE;17 36;52 59;NOTEĆ
96627;ZALESIE;20 21;49 37;DUNAJEC
93552;ZAMBRZYCA;19 37 41;52 59 24;SKRWA (PRAWA)
93955;ZAMOSZE;23 54;52 48;NAREW
95950;ZAMOŚĆ;23 15 19;50 42 25;WIEPRZ
93309;ZANIEMYŚL;17 °1 0';52 °0 9';WARTA
92345;ZAPĘDOWO;17 51;53 42;BRDA
92751;ZARUZIE;21 48;53 08;
96846;ZARZECZE;22 32;49 59;WISŁOK
94012;ZASIEKI;14 40;51 45;NYSA ŁUŻYCKA
93752;ZATORY;21 11;52 36;NAREW
5751;ZAWADA;21 29;50 04;WISŁOKA
92807;ZAWADY;22 40 24;53 09 25;NAREW
95463;ZAWADZKIE;18 29;50 36;MAŁA PANEW
95748;ZAWICHOST;21 52;50 48;WISŁA
95549;ZAWIERCIE;19 25;50 30;WARTA
2703;ZAWODZIE;21 24;53 23;OMULEW
6513;ZAWOJA;19 31;49 37;SKAWA
96538;ZAWOJA I;19 32;49 39;SKAWA
96535;ZAWOJA II;19 31;49 37;SKAWA
5505;ZĄBKOWICE;19 17;50 22;PRZEMSZA
95584;ZĄBKOWICE;19 15 45;50 23 01;PRZEMSZA
93112;ZBĄSZYŃ;15 56;52 15;OBRA
92515;ZBICZNO;19 22;53 21;DRWĘCA
94444;ZBIERSK;18 09;51 57;WARTA
96755;ZBOISKA;21 42;49 35;WISŁOKA
6606;ZBYSZYCE;20 40;49 42;DUNAJEC
94427;ZDUŃSKA WOLA;18 56;51 36;WARTA
93236;ZĘBOWO;16 05;52 28;OBRA
4106;ZGORZELEC;15 01 35;51 08 08;NYSA ŁUŻYCKA
95213;ZIELENIEC;16 24;50 20;NYSA KŁODZKA
95321;ZIELINA;17 48;50 27;ODRA
95458;ZIELONA;18 58;50 33;MAŁA PANEW
93619;ZIELONKI;20 49;52 15;BZURA
95333;ZIĘBICE;17 03;50 37;OŁAWA
94421;ZŁOCZEW;18 37;51 25;WARTA
93237;ZŁOTNIKI;16 50;52 29;WARTA
94167;ZŁOTNIKI LUBAŃSKIE;15 20 26;51 00 50;KWISA
94121;ZŁOTORYJA;15 56;51 07;KACZAWA
95564;ZŁOTY POTOK;19 26;50 42;WARTA
95221;ZŁOTY STOK;16 53;50 27;NYSA KŁODZKA
96596;ZUBRZYCA DOLNA;19 40 47;49 30 07;CZARNA ORAWA
96518;ZUBRZYCA GÓRNA;19 39;49 33;CZARNA ORAWA
91504;ZWIERZNO;19 21;54 02;ELBLĄG
95832;ZWIERZYNIEC;22 50;50 37;WIEPRZ
95825;ZWOLAKI;22 20;50 30;TANEW
94717;ZWOLEŃ;21 35;51 21;WISŁA
95419;ZWONOWICE;18 27;50 09;ODRA
94256;ŹRÓDŁA;16 43 21;51 09 24;ODRA
91819;ŻABIN;22 03;54 20;WĘGORAPA
96520;ŻABNICA;19 11;49 34;SOŁA
93537;ŻABOWO;19 55;52 50;WKRA
94144;ŻAGAŃ;15 19;51 37;BÓBR
92366;ŻALNO;17 45;53 36;BRDA
93816;ŻANECIN;22 15;52 23;BUG
95559;ŻARKI;19 23;50 39;WARTA
96758;ŻARNOWA;21 49;49 53;WISŁOK
94521;ŻARNOWICA;19 52;51 28;PILICA
91344;ŻELAZNO;17 52;54 44;PRZYMORZE
93115;ŻELECHÓW;15 21;52 19;OBRA
92016;ŻELEWO;14 52;53 18;PŁONIA
91451;ŻELISTRZEWO;18 25;54 40;PRZYMORZE
93304;ŻERKÓW;17 34;52 04;WARTA
94227;ŻMIGRÓD;16 54;51 28;BARYCZ
94901;ŻMUDŹ;23 40;51 01;BUG
93354;ŻNIN;17 45;52 50;NOTEĆ
95407;ŻORY;18 42;50 03;ODRA
95356;ŻÓRAWINA;17 03;50 59;ODRA
96854;ŻUBRACZE;22 16 07;49 12 23;SAN
93853;ŻUROBICE;22 56;52 32;NURZEC
92504;ŻUROMIN;19 55;53 04;WKRA
93514;ŻYCHLIN;19 38;52 15;BZURA
91820;ŻYTKIEJMY;22 42;54 21;WĘGORAPA
6509;ŻYWIEC;19 14;49 43;SOŁA
96597;ŻYWIEC;19 13;49 41;SOŁA
